pair_id,ss_k,ss_pm,p0_k,p0_pm,n,bud_k,bud_pm,ratio_k,ratio_pm,ratio_of_ratios,domain,unit,quality
0,0.5796,0.35355625,0.13,0.14,25,0.1131,0.12040000000000001,5.1246684350132625,2.9365137043189367,1.7451539311653996,btc_monthly,APR26-80000,exact
1,0.0353,0.03023375,0.36,0.325,22,0.2304,0.21937500000000001,0.15321180555555555,0.1378176638176638,1.1116993374540043,btc_monthly,FEB26-80000,exact
2,0.07039999999999999,0.07480525,0.51,0.535,24,0.2499,0.248775,0.2817126850740296,0.30069440257260577,0.9368737251635642,btc_monthly,FEB26-85000,exact
3,0.1952,0.17355475,0.53,0.475,26,0.2491,0.24937499999999999,0.7836210357286232,0.6959588972431079,1.1259587869811998,btc_monthly,JAN26-100000,exact
4,0.4334,0.53755125,0.31,0.3,30,0.21389999999999998,0.21,2.026180458158018,2.5597678571428575,0.7915485197238099,btc_monthly,JUL26-67500,exact
5,0.17719999999999997,0.16066875000000003,0.15,0.16,31,0.1275,0.1344,1.389803921568627,1.1954520089285716,1.1625760893691115,btc_monthly,MAR26-80000,exact
6,0.16430000000000003,0.17738675000000004,0.4,0.395,31,0.24,0.238975,0.6845833333333334,0.7422816194162571,0.9222690087243456,btc_monthly,MAY26-85000,exact
7,0.01865,0.033204750000000005,0.17,0.135,31,0.1411,0.116775,0.13217576187101346,0.2843481053307643,0.4648378497801548,btc_monthly,MAY26-90000,exact
8,0.2775,0.22960524999999996,0.7,0.755,156,0.21000000000000002,0.184975,1.3214285714285714,1.2412771996215701,1.0645716942447965,btc_yearly,Y25-130000,approx
9,0.13014999999999996,0.14386575000000001,0.5,0.495,146,0.25,0.249975,0.5205999999999998,0.5755205520552056,0.9045723877990415,btc_yearly,Y25-140000,approx
10,0.31089999999999995,0.22638125000000003,0.26,0.545,367,0.19240000000000002,0.247975,1.6159043659043655,0.9129196491581814,1.7700400767958255,btc_yearly,Y25-150000,approx
11,0.054599999999999996,0.01606825,0.18,0.195,146,0.1476,0.156975,0.36991869918699183,0.10236184105749323,3.6138339772456893,btc_yearly,Y25-170000,approx
12,0.29315,0.04910375,0.49,0.215,360,0.2499,0.168775,1.1730692276910764,0.29094208265442156,4.0319682082032715,btc_yearly,Y25-200000,approx
13,0.1295,0.01613975,0.09,0.165,331,0.0819,0.137775,1.5811965811965811,0.11714570858283434,13.4976910407137,btc_yearly,Y25-250000,approx
14,0.052750000000000005,0.25938025,0.06,0.47,134,0.05639999999999999,0.2491,0.9352836879432627,1.041269570453633,0.8982147509945987,election,NYC25-Cuomo,approx
15,0.06565000000000003,0.20933025000000005,0.91,0.095,195,0.08189999999999997,0.08597500000000001,0.8015873015873022,2.434780459435883,0.3292236466252168,election,NYC25-Mamdani/D,approx
16,0.01585,0.0018165,0.09,0.0335,195,0.0819,0.032377750000000004,0.19352869352869354,0.05610334257321771,3.4495038023114,election,NYC25-Sliwa/R,approx
17,0.44430000000000003,0.5410917500000001,0.77,0.741,36,0.17709999999999998,0.191919,2.50875211744777,2.8193756220072013,0.8898254272560218,election,POPVOTE24-D,exact
18,0.3942,0.5271027500000002,0.24,0.2565,35,0.1824,0.19070775,2.1611842105263155,2.76392936312237,0.7819245453092396,election,POPVOTE24-R,exact
19,0.1561,0.011242500000000006,0.51,0.4925,33,0.2499,0.24994375000000002,0.6246498599439775,0.044980120527118625,13.887242911396259,election,PRES24-Harris,exact
20,0.1593,0.012237749999999995,0.5,0.4975,33,0.25,0.24999374999999996,0.6372,0.04895222380559513,13.016773303916164,election,PRES24-Trump,exact
21,0.001025,0.00036250000000000003,0.005,0.0195,211,0.004975,0.01911975,0.20603015075376885,0.018959452921717072,10.866882689308612,fed_chair_nom,Arthur Laffer,exact
22,0.0021999999999999997,0.00035475,0.03,0.025,211,0.029099999999999997,0.024375,0.07560137457044673,0.014553846153846152,5.194597618476784,fed_chair_nom,Bill Pulte,exact
23,0.25115,0.23894725000000003,0.18,0.15,206,0.1476,0.1275,1.7015582655826555,1.8740960784313727,0.9079354496098556,fed_chair_nom,Christopher Waller,exact
24,0.0026,0.0018757500000000002,0.04,0.026,204,0.0384,0.025324,0.06770833333333334,0.07407005212446692,0.9141121329246079,fed_chair_nom,David Malpass,exact
25,0.024824999999999996,0.030152249999999995,0.09,0.075,197,0.0819,0.069375,0.3031135531135531,0.43462702702702694,0.6974107321096352,fed_chair_nom,David Zervos,exact
26,0.0014999999999999998,0.00019700000000000005,0.02,0.0205,209,0.0196,0.02007975,0.07653061224489795,0.009810879119510953,7.800586605200452,fed_chair_nom,Howard Lutnick,exact
27,0.001025,0.001088,0.005,0.0185,203,0.004975,0.01815775,0.20603015075376885,0.05991931819746389,3.4384595311114396,fed_chair_nom,Jerome Powell,exact
28,0.0164,0.005938,0.08,0.026,211,0.0736,0.025324,0.22282608695652176,0.2344811246248618,0.9502943459223572,fed_chair_nom,Judy Shelton,exact
29,0.3583,0.28497225000000004,0.48,0.31,211,0.2496,0.21389999999999998,1.435496794871795,1.3322685834502106,1.077483033604419,fed_chair_nom,Kevin Hassett,exact
30,0.6477999999999999,0.5108125,0.29,0.34,205,0.20589999999999997,0.2244,3.1461874696454593,2.2763480392156863,1.3821205788590551,fed_chair_nom,Kevin Warsh,exact
31,0.048525000000000006,0.009161250000000001,0.04,0.026,202,0.0384,0.025324,1.2636718750000002,0.3617615700521245,3.4931070064128806,fed_chair_nom,Michelle Bowman,exact
32,0.24700000000000003,0.18166699999999997,0.07,0.0135,199,0.0651,0.01331775,3.794162826420891,13.640967881211163,0.27814469321102253,fed_chair_nom,Rick Rieder,exact
33,0.0299,0.010661750000000001,0.01,0.05,208,0.0099,0.0475,3.02020202020202,0.22445789473684213,13.455539283850769,fed_chair_nom,Scott Bessent,exact
34,0.05977500000000001,0.021828000000000004,0.04,0.065,205,0.0384,0.060775,1.5566406250000004,0.3591608391608392,4.334104543905764,fed_chair_nom,Stephen Miran,exact
35,0.15955,0.07697975,0.36,0.27,142,0.2304,0.1971,0.6924913194444444,0.3905618975139523,1.7730642027611156,fed_decision,APR26-C25,exact
36,0.0388,0.013415250000000002,0.08,0.095,155,0.0736,0.08597500000000001,0.5271739130434783,0.15603663855772026,3.3785264660675756,fed_decision,APR26-C26,exact
37,0.09835000000000006,0.08537525000000001,0.55,0.63,138,0.2475,0.2331,0.39737373737373766,0.36626018876018884,1.0849493053527601,fed_decision,APR26-H0,exact
38,0.012725,0.0031337500000000007,0.015,0.05,149,0.014775,0.0475,0.8612521150592217,0.06597368421052632,13.05447960600336,fed_decision,APR26-H25PLUS,approx
39,0.17819999999999997,0.13052574999999994,0.88,0.67,49,0.1056,0.2211,1.6874999999999998,0.5903471279963814,2.8584876930414125,fed_decision,DEC24-C25,exact
40,0.3785,0.13552599999999998,0.69,0.2,49,0.2139,0.16000000000000003,1.769518466573165,0.8470374999999997,2.0890674457425624,fed_decision,DEC24-H0,exact
41,0.38359999999999994,0.28332225,0.62,0.585,127,0.2356,0.24277500000000002,1.6281833616298809,1.1670157553290081,1.3951682778874388,fed_decision,DEC25-C25,exact
42,0.635,0.00679325,0.08,0.065,127,0.0736,0.060775,8.627717391304348,0.11177704648292883,77.18684347794087,fed_decision,DEC25-C26,exact
43,0.4555,0.279779,0.30000000000000004,0.335,127,0.21000000000000002,0.22277500000000003,2.169047619047619,1.2558814947817303,1.7271116964937803,fed_decision,DEC25-H0,exact
44,0.45747499999999997,0.00050825,0.015,0.027,127,0.014775,0.026271,30.962774957698812,0.019346427619808915,1600.438880302421,fed_decision,DEC25-H25PLUS,approx
45,0.009099999999999999,0.00309375,0.13,0.085,42,0.1131,0.07777500000000001,0.08045977011494251,0.039778206364513014,2.022709857192616,fed_decision,JAN25-C25,exact
46,0.008500000000000013,0.003917250000000003,0.89,0.885,42,0.09789999999999999,0.10177499999999999,0.08682328907048022,0.03848931466470158,2.2557764363132597,fed_decision,JAN25-H0,exact
47,0.09205,0.07622574999999998,0.37,0.365,121,0.2331,0.231775,0.39489489489489493,0.32887822241397896,1.2007328791683165,fed_decision,JAN26-C25,exact
48,0.05897499999999999,0.01559225,0.035,0.065,121,0.033775,0.060775,1.7461139896373055,0.25655697243932535,6.805950245808479,fed_decision,JAN26-C26,exact
49,0.14115000000000005,0.10497925000000001,0.52,0.57,121,0.2496,0.2451,0.5655048076923079,0.428311913504692,1.3203107125016103,fed_decision,JAN26-H0,exact
50,0.001075,0.0009524999999999998,0.015,0.0145,121,0.014775,0.014289750000000002,0.0727580372250423,0.06665616963207892,1.0915424277549066,fed_decision,JAN26-H25PLUS,approx
51,0.045,0.04341124999999999,0.08,0.06,42,0.0736,0.05639999999999999,0.6114130434782609,0.7697030141843971,0.7943492908445141,fed_decision,JUL25-C25,exact
52,0.0014999999999999998,0.00045924999999999997,0.02,0.008,42,0.0196,0.007936,0.07653061224489795,0.05786920362903225,1.3224756424072077,fed_decision,JUL25-C26,exact
53,0.053799999999999966,0.051249249999999996,0.93,0.93,42,0.06509999999999996,0.06509999999999996,0.8264208909370199,0.7872388632872508,1.0497714600701467,fed_decision,JUL25-H0,exact
54,5e-05,2.1999999999999996e-05,0.01,0.0065,42,0.0099,0.00645775,0.00505050505050505,0.0034067593201966622,1.4824954086317725,fed_decision,JUL25-H25PLUS,approx
55,0.04,0.011277749999999998,0.23,0.175,127,0.1771,0.14437499999999998,0.2258610954263128,0.07811428571428572,2.8914185588591614,fed_decision,JUL26-C25,exact
56,0.011375,0.0009024999999999998,0.095,0.0225,109,0.08597500000000001,0.02199375,0.1323059028787438,0.0410343847684001,3.2242691982707727,fed_decision,JUL26-C26,exact
57,0.19824999999999998,0.1869115,0.7,0.765,109,0.21000000000000002,0.179775,0.9440476190476189,1.0396968432763176,0.9080027751865759,fed_decision,JUL26-H0,exact
58,0.005400000000000001,0.0038369999999999997,0.18,0.155,42,0.1476,0.130975,0.03658536585365854,0.029295667112044278,1.2488319762009195,fed_decision,JUN25-C25,exact
59,0.0004999999999999999,9.575e-05,0.04,0.0195,42,0.0384,0.01911975,0.013020833333333332,0.0050079106682880264,2.6000530352480418,fed_decision,JUN25-C26,exact
60,0.007100000000000008,0.0049482500000000065,0.83,0.825,42,0.14110000000000003,0.14437500000000003,0.050318922749822866,0.03427359307359311,1.468154291316257,fed_decision,JUN25-H0,exact
61,0.0001,1.7000000000000003e-05,0.02,0.0075,42,0.0196,0.00744375,0.005102040816326531,0.0022837951301427377,2.234018607442977,fed_decision,JUN25-H25PLUS,approx
62,0.21049999999999996,0.15161975000000003,0.6,0.5,162,0.24,0.25,0.8770833333333332,0.6064790000000001,1.4461891233387028,fed_decision,JUN26-C25,exact
63,0.19935,0.00892875,0.1,0.15,165,0.09000000000000001,0.1275,2.215,0.07002941176470588,31.629567408651827,fed_decision,JUN26-C26,exact
64,0.7471999999999999,0.20960474999999998,0.28,0.575,167,0.2016,0.244375,3.7063492063492056,0.8577176470588234,4.32117634405512,fed_decision,JUN26-H0,exact
65,0.0251,0.011145,0.18,0.185,48,0.1476,0.150775,0.1700542005420054,0.07391808986901012,2.3005762303024553,fed_decision,MAR25-C25,exact
66,0.0005999999999999998,0.00028849999999999997,0.03,0.0215,38,0.029099999999999997,0.021037749999999997,0.020618556701030924,0.013713443690508729,1.503528739123443,fed_decision,MAR25-C26,exact
67,0.019299999999999987,0.013685499999999998,0.84,0.785,48,0.13440000000000002,0.16877499999999998,0.14360119047619035,0.08108724633387646,1.7709466897533177,fed_decision,MAR25-H0,exact
68,0.1126,0.07664874999999999,0.42,0.385,140,0.2436,0.236775,0.46223316912972084,0.3237197761588005,1.4278805410484798,fed_decision,MAR26-C25,exact
69,0.0007,0.016469249999999998,0.01,0.16,139,0.0099,0.1344,0.0707070707070707,0.12253906249999999,0.5770165795667868,fed_decision,MAR26-H25PLUS,approx
70,0.0694,0.09502099999999998,0.2,0.175,49,0.16000000000000003,0.14437499999999998,0.4337499999999999,0.6581541125541125,0.6590401726986665,fed_decision,MAY25-C25,exact
71,0.0111,0.00127675,0.01,0.0125,48,0.0099,0.01234375,1.121212121212121,0.10343291139240507,10.839993829028487,fed_decision,MAY25-C26,exact
72,0.13060000000000002,0.11802825,0.81,0.815,49,0.15389999999999995,0.15077500000000002,0.8486029889538665,0.7828104791908472,1.084046536820797,fed_decision,MAY25-H0,exact
73,0.0004,3.025e-05,0.01,0.007,43,0.0099,0.006951,0.0404040404040404,0.0043518918141274635,9.284247433007764,fed_decision,MAY25-H25PLUS,approx
74,0.04790000000000001,0.052425749999999965,0.62,0.58,85,0.2356,0.2436,0.20331069609507646,0.21521243842364518,0.9446977023459018,fed_decision,OCT25-C25,exact
75,0.025750000000000002,0.00698075,0.1,0.0555,85,0.09000000000000001,0.05241975,0.2861111111111111,0.13317022687059743,2.1484615430529193,fed_decision,OCT25-C26,exact
76,0.0552,0.045116250000000004,0.37,0.345,85,0.2331,0.22597499999999998,0.23680823680823682,0.19965151012280122,1.1861079170529756,fed_decision,OCT25-H0,exact
77,0.002575,8.675e-05,0.015,0.017,86,0.014775,0.016711,0.17428087986463622,0.005191191430794087,33.57242401634508,fed_decision,OCT25-H25PLUS,approx
78,0.18850000000000003,0.22690000000000007,0.44,0.425,49,0.24640000000000004,0.24437499999999998,0.7650162337662337,0.9284910485933507,0.8239349586893931,fed_decision,SEP25-C25,exact
79,0.020999999999999998,0.021079749999999998,0.03,0.016,49,0.029099999999999997,0.015744,0.7216494845360825,1.3389068851626014,0.5389840716581593,fed_decision,SEP25-C26,exact
80,0.22999999999999995,0.27013024999999996,0.56,0.555,49,0.24639999999999998,0.246975,0.9334415584415583,1.0937554408340924,0.8534280366456696,fed_decision,SEP25-H0,exact
81,5e-05,0.00012450000000000002,0.01,0.0065,49,0.0099,0.00645775,0.00505050505050505,0.019279160698385662,0.2619670601598312,fed_decision,SEP25-H25PLUS,approx
