domain,unit,k_key,pm_key,k_vol,pm_vol,quality
btc_monthly,APR26-80000,KXBTCMAXMON-BTC-26APR30-8000000,22893138393795740138249503228269517733051888602506683062209713465144747482167,897107.59,8689741.495558972,exact
btc_monthly,FEB26-80000,KXBTCMAXMON-BTC-26FEB28-8000000,115716410038051954858122996383598541941611892010761741648786542765667470135972,1233431.0,4831697.133881,exact
btc_monthly,FEB26-85000,KXBTCMAXMON-BTC-26FEB28-8500000,16393551545749826032099527282824025354814839232380838180410593285887081984932,305168.0,7551511.585962,exact
btc_monthly,JAN26-100000,KXBTCMAXMON-BTC-26JAN31-100000,103177127930055330392441373349372732434896433945295434937281341249293735506094,769705.0,13025594.701676,exact
btc_monthly,JUL26-67500,KXBTCMAXMON-BTC-26JUL31-6750000,70060007759742302808850203923230495967841006347410479320265457231119910877637,1799444.08,3210203.6827859995,exact
btc_monthly,MAR26-80000,KXBTCMAXMON-BTC-26MAR31-8000000,89985317983195116196847912662733840736741033181969862249321821942712441807494,474065.0,8681375.204627028,exact
btc_monthly,MAY26-85000,KXBTCMAXMON-BTC-26MAY31-8500000,27263818818572382308786837280052567231404272927433091805576135922512093801450,776570.28,5177595.545592992,exact
btc_monthly,MAY26-90000,KXBTCMAXMON-BTC-26MAY31-9000000,82333550650994719016339808110389313847426073918923886033931546451300666500527,259986.13,3784409.6129529965,exact
btc_yearly,Y25-130000,KXBTCMAXY-25-DEC31-129999.99,70455106433105725093003807079135685186309776081399075740142938507518314484366,10845291.0,13211425.234841,approx
btc_yearly,Y25-140000,KXBTCMAXY-25-DEC31-139999.99,31708710617182893420436057149289712855851004287900968100076957544813460654120,5186797.0,8804123.733621,approx
btc_yearly,Y25-150000,KXBTCMAXY-25-DEC31-149999.99,87484108660213248881541352117231933897620313251765619093583161767567942237143,4674502.0,16414060.383217,approx
btc_yearly,Y25-170000,KXBTCMAXY-25-DEC31-169999.99,54897787457036657865994456184914764553135864680096835028443076525607070890895,885155.0,7721957.288049,approx
btc_yearly,Y25-200000,KXBTCMAXY-25-DEC31-199999.99,85949163243245471221790979452091560100141884930227668573477517865165344048388,2079099.0,19275707.736605,approx
btc_yearly,Y25-250000,KXBTCMAXY-25-DEC31-249999.99,15600657178409553723631854347165934450743544837722869853285023214749561849304,705078.0,15857522.578687,approx
election,NYC25-Cuomo,KXMAYORNYCPARTY-25-AC,72685162394098505217895638060393901041260225434938300730127268362092284806692,53423150.0,48755937.180665,approx
election,NYC25-Mamdani/D,KXMAYORNYCPARTY-25-D,33945469250963963541781051637999677727672635213493648594066577298999471399137,48713982.0,143254859.334333,approx
election,NYC25-Sliwa/R,KXMAYORNYCPARTY-25-R,106645483208866512069057468273735379467092160028743318106715987586591689242591,11492105.0,60402049.764981,approx
election,POPVOTE24-D,POPVOTE-24-D,21271000291843361249209065706097167029083067325856089903026951915683588703117,45192568.0,163779786.645492,exact
election,POPVOTE24-R,POPVOTE-24-R,42699080635179861375280720242213672850141860123562672932351602811041149946128,36740947.0,119932620.818624,exact
election,PRES24-Harris,PRES-2024-KH,69236923620077691027083946871148646972011131466059644796654161903044970987404,273312857.0,1037039118.18879,exact
election,PRES24-Trump,PRES-2024-DJT,21742633143463906290569050155826241533067272736897614950488156847949938836455,262334207.0,1531479284.504353,exact
fed_chair_nom,Arthur Laffer,KXFEDCHAIRNOM-29-AL,102110965054889141204087078786638995691907331207010422719821820828048023654600,242929.0,21154894.068664,exact
fed_chair_nom,Bill Pulte,KXFEDCHAIRNOM-29-BPUL,8707393418896465550537491004148945001566800949202710797124018851880453264457,564029.0,24537484.808130994,exact
fed_chair_nom,Christopher Waller,KXFEDCHAIRNOM-29-CWAL,114421380098084026753773605667430150755820287180340356465450569515479471185603,9845584.0,29229521.621000286,exact
fed_chair_nom,David Malpass,KXFEDCHAIRNOM-29-DMAL,53831457969823202853110826094779853295270597675255319556599777150695983919098,263930.0,6336304.770659,exact
fed_chair_nom,David Zervos,KXFEDCHAIRNOM-29-DZER,88391082672262916083180818865706688728408351209155276040680367442281248954606,506797.0,17922566.56491,exact
fed_chair_nom,Howard Lutnick,KXFEDCHAIRNOM-29-HLUT,40540371447450472065127123415930794350986541698227127622020569202732201111959,232653.0,2959995.839148,exact
fed_chair_nom,Jerome Powell,KXFEDCHAIRNOM-29-JP,75562986572078747541577175725857968095799345857741050112699871710798605147441,322702.0,27875356.84542,exact
fed_chair_nom,Judy Shelton,KXFEDCHAIRNOM-29-JS,5031084282167950494806674428243037744881029417420880897305642929037077494331,115359676.0,127684064.95211223,exact
fed_chair_nom,Kevin Hassett,KXFEDCHAIRNOM-29-KH,34551606549875928972193520396544368029176529083448203019529657908155427866742,13176099.0,36122905.93072796,exact
fed_chair_nom,Kevin Warsh,KXFEDCHAIRNOM-29-KW,51338236787729560681434534660841415073585974762690814047670810862722808070955,38983491.0,59907150.95188258,exact
fed_chair_nom,Michelle Bowman,KXFEDCHAIRNOM-29-MBOW,17066127610879876900068524118662950536540111723756302158713495031843880669357,9723521.0,26000156.80356803,exact
fed_chair_nom,Rick Rieder,KXFEDCHAIRNOM-29-RREI,16206267440377108972343351482425564384973031696941663558076310969498822538172,14396224.0,35603624.85201814,exact
fed_chair_nom,Scott Bessent,KXFEDCHAIRNOM-29-SBES,107497259924014101120833054359244209179064033764980103636954562467069199808803,7022399.0,38740980.44605291,exact
fed_chair_nom,Stephen Miran,KXFEDCHAIRNOM-29-SMIR,109742736962312251829429505249844464481009469599654156786681123946719841287723,5161680.0,22847634.77107189,exact
fed_decision,APR26-C25,KXFEDDECISION-26APR-C25,83479140651306794046790588004449066364152228067472874205697111967337978544729,5803643.83,65311948.7161929,exact
fed_decision,APR26-C26,KXFEDDECISION-26APR-C26,18690049947242812495755151360212639738977254879109748949267393375856311641700,1784201.99,66025383.9220003,exact
fed_decision,APR26-H0,KXFEDDECISION-26APR-H0,63586620628756015058616403521099137018911742768824051367331188904593189743777,6884363.13,76909226.49304736,exact
fed_decision,APR26-H25PLUS,KXFEDDECISION-26APR-H25,9556122149160720922715284597610520228366807023831966638741974320131898296289,4122068.96,75978206.16104123,approx
fed_decision,DEC24-C25,KXFEDDECISION-24DEC-C25,11567814642074862867749936284471148455273423515322037976014884555300111576108,1573321.0,7490697.06615098,exact
fed_decision,DEC24-H0,KXFEDDECISION-24DEC-H0,40486845757649539115541074089071083804261584217856121899380374870077656913924,1204354.0,7400313.75189,exact
fed_decision,DEC25-C25,KXFEDDECISION-25DEC-C25,87769991026114894163580777793845523168226980076553814689875238288185044414090,12184561.0,54634506.683355,exact
fed_decision,DEC25-C26,KXFEDDECISION-25DEC-C26,74018646712472971445258547247048869505144598783748525202442089895996249694683,11614979.0,161574382.129451,exact
fed_decision,DEC25-H0,KXFEDDECISION-25DEC-H0,80746058984644290629624903019922696017323803605256698757445938534814122585786,15760947.0,44523455.111481,exact
fed_decision,DEC25-H25PLUS,KXFEDDECISION-25DEC-H25,111653286751222233434552489231342053782305860121514128195211070982702807638967,308409.0,133173605.453166,approx
fed_decision,JAN25-C25,KXFEDDECISION-25JAN-C25,74385256365261740991943052404976663449426970722774337626179714294936780155816,938590.0,21247359.999879,exact
fed_decision,JAN25-H0,KXFEDDECISION-25JAN-H0,71366065379283985882048015988468347304730977557386250301113872372802573107404,942876.0,21033386.279391,exact
fed_decision,JAN26-C25,KXFEDDECISION-26JAN-C25,92703761682322480664976766247614127878023988651992837287050266308961660624165,18466757.0,101211542.667667,exact
fed_decision,JAN26-C26,KXFEDDECISION-26JAN-C26,11862165566757345985240476164489718219056735011698825377388402888080786399275,5268472.0,235065166.637259,exact
fed_decision,JAN26-H0,KXFEDDECISION-26JAN-H0,112838095111461683880944516726938163688341306245473734071798778736646352193304,10488486.0,106767096.072298,exact
fed_decision,JAN26-H25PLUS,KXFEDDECISION-26JAN-H25,16419649354067298412736919830777830730026677464626899811394461690794060330642,1462769.0,216455743.153891,approx
fed_decision,JUL25-C25,KXFEDDECISION-25JUL-C25,44274863594881419064755425975616427905570818290480331177906247008783209380302,20535325.0,23551704.395621,exact
fed_decision,JUL25-C26,KXFEDDECISION-25JUL-C26,17028788563275937059830939874003546190073058810431474110375077031370800019934,11766116.0,40912544.015545,exact
fed_decision,JUL25-H0,KXFEDDECISION-25JUL-H0,73793697275923646355831824753345919471011673129768736520616870696302293395247,15032203.0,28670116.640169,exact
fed_decision,JUL25-H25PLUS,KXFEDDECISION-25JUL-H25,100067677053694812730460296850221451830656965871151478092125776330632208052828,558764.0,43479262.352112,approx
fed_decision,JUL26-C25,KXFEDDECISION-26JUL-C25,107111506004559425167535337910569809007100298896139468418632748246491535011700,7276758.07,27994692.422440995,exact
fed_decision,JUL26-C26,KXFEDDECISION-26JUL-C26,34352156398446436078106018571351437965469399998092625112032289774684767742814,2330631.58,22015343.545755006,exact
fed_decision,JUL26-H0,KXFEDDECISION-26JUL-H0,111604417349377875799825956621596386269673370070912696668140891647145772186047,23802367.03,40497085.547722004,exact
fed_decision,JUN25-C25,KXFEDDECISION-25JUN-C25,72590024726245493077522454398168089576836207607927418208000602748203871211427,17062008.0,22347675.300958,exact
fed_decision,JUN25-C26,KXFEDDECISION-25JUN-C26,113056471671080844361260106931306859817628421950685586233292833065866456177916,6007639.0,29564378.908894,exact
fed_decision,JUN25-H0,KXFEDDECISION-25JUN-H0,68046695472248272727543027597015771748863497493648721835081384395985280231101,12292142.0,28071372.791282,exact
fed_decision,JUN25-H25PLUS,KXFEDDECISION-25JUN-H25,53773496600623227278718953583260706698915942265798082890170993921603893162994,911763.0,26912558.981079,approx
fed_decision,JUN26-C25,KXFEDDECISION-26JUN-C25,65193234666628291664907888364936366210889305490897648116746073820519263548476,9796684.97,30934915.761426214,exact
fed_decision,JUN26-C26,KXFEDDECISION-26JUN-C26,110884561568299698460551977852169332756450294345019257864587852438060900499251,3382986.13,37866883.42341023,exact
fed_decision,JUN26-H0,KXFEDDECISION-26JUN-H0,30767812841387255642892182147223249245545002662653079696958384408588201824258,11917184.36,43061416.20801809,exact
fed_decision,MAR25-C25,KXFEDDECISION-25MAR-C25,89116530978908711797607850110372348932106298082008228479003610418450546304140,944579.0,17180913.164155,exact
fed_decision,MAR25-C26,KXFEDDECISION-25MAR-C26,59500043981638253528854819796350757181716737470693576068597643626706510223839,345005.0,22150914.603213,exact
fed_decision,MAR25-H0,KXFEDDECISION-25MAR-H0,36985952389507121027489287608663328433585265985125393395085818029245397624615,1322446.0,17161804.938166,exact
fed_decision,MAR26-C25,KXFEDDECISION-26MAR-C25,62938043365772447095885755955446362343142416536419862840923032141775380249586,14345705.0,87103283.7263213,exact
fed_decision,MAR26-H25PLUS,KXFEDDECISION-26MAR-H25,54073086346734626735797775941991553522163760164405051969883391401961188364109,1713234.0,172972056.63332495,approx
fed_decision,MAY25-C25,KXFEDDECISION-25MAY-C25,26743053013371365007476551740114280533872198414218154821939946443052738700427,17739576.0,21653201.774564,exact
fed_decision,MAY25-C26,KXFEDDECISION-25MAY-C26,10794957769206219547174568045572239474096710780259256507519900112979835465721,7617148.0,22089574.500042,exact
fed_decision,MAY25-H0,KXFEDDECISION-25MAY-H0,11948977256049640505529515118442328278366541768796561243240603850147585003221,13237803.0,20629387.641397,exact
fed_decision,MAY25-H25PLUS,KXFEDDECISION-25MAY-H25,17610439523131859020845982375845064429205150380820600510254792864187410085009,2008280.0,24000661.535559,approx
fed_decision,OCT25-C25,KXFEDDECISION-25OCT-C25,78970393675220813117457137074949547635027336958817818487077806376171274244367,9914224.0,51626217.76071,exact
fed_decision,OCT25-C26,KXFEDDECISION-25OCT-C26,56606480957388905488783515430819601640929432353106353680720689974997213777138,13693429.0,52589989.131546,exact
fed_decision,OCT25-H0,KXFEDDECISION-25OCT-H0,93649474745035786731233919003082633017639813911207879453624389467235918905276,15137495.0,46052653.992844,exact
fed_decision,OCT25-H25PLUS,KXFEDDECISION-25OCT-H25,60156625646569576964584621291475860303247825215466310280401996727843189574431,221464.0,102216689.131463,approx
fed_decision,SEP25-C25,KXFEDDECISION-25SEP-C25,56831000532202254811410354120402056896323359630546371545035370679912675847818,18168848.0,36329925.673244,exact
fed_decision,SEP25-C26,KXFEDDECISION-25SEP-C26,7988364699307342268260495915445731509602502693363579435248273813409237524599,29261331.0,49890284.071409,exact
fed_decision,SEP25-H0,KXFEDDECISION-25SEP-H0,20687552179259492015264396642668768958132112743605647653821858729131283300433,42718863.0,67368762.49652,exact
fed_decision,SEP25-H25PLUS,KXFEDDECISION-25SEP-H25,97074764040588542658874497669096893626986100487337837811070855646477555671862,1144857.0,67002488.50419,approx
