key,band,budget,p0,tau0,evd,evj,mvd,mvj,cvd,cvj
sim3,30.0,0.20510675737154827,0.7118802554001947,30.0,0.0019543106973494775,0.08369550411601835,0.001008211103459103,1.043745251163517,0.0009890118697252223,0.31427104496712016
sim6,30.0,0.21800356591421782,0.32112452911094214,30.0,0.0007011707845869178,0.3551289476858083,0.0009546255470343468,1.1977978609453854,0.001050920611357103,0.30457930103486514
sim6,14.0,0.24925127283029075,0.5273628794118831,14.0,0.00019260566073636231,0.3150586551505243,0.0004618874665850396,0.5641379203806074,0.0003032489381525628,0.2982738652643804
sim6,7.0,0.20848830035098223,0.7037442015101725,7.0,0.0,0.28105246569712067,0.00025058786487067316,0.5212034460228153,0.0001272006324362706,0.27860757724432456
sim6,3.0,0.24618467083444898,0.5617683508404671,3.0,0.0,0.1722217226039516,0.00010495430648684256,0.37770347697437456,2.289272779186364e-05,0.26027787174204353
sim11,30.0,0.22730593943313365,0.6506454797425609,30.0,0.00014173659352477664,0.6048006504158219,0.0009823528602789598,1.0414196754225247,0.0009855530447786297,0.32123897712034166
sim11,14.0,0.1562152133667107,0.1937569810864429,14.0,0.00011073926255718938,0.4641679625767747,0.00046341032019482924,0.7580334365945831,0.00047556735532694705,0.24952077413262486
sim11,7.0,0.24934288167026208,0.47436568062659107,7.0,0.0,0.2737298496521178,0.00022604499641128744,0.5169873230569934,0.00013105847897380233,0.27876122790858643
sim11,3.0,0.2347679478308427,0.6234182003156638,3.0,0.0,0.15285198914916834,0.00011818309572654135,0.40200739601237456,3.689767116021094e-05,0.2648698860187186
sim13,30.0,0.08419878036158329,0.09281304092785989,30.0,0.002172494481339372,0.012483839467457713,0.000916377604301576,1.078384231935065,0.0015059091157356877,0.21671503579142112
sim14,30.0,0.24620773097215293,0.5615814016391888,30.0,0.0008896038043938526,0.09398372130671459,0.0009603011499821603,0.9798065694030461,0.0009040903251361265,0.338291915504892
sim14,14.0,0.11237175684571296,0.8709828070871843,14.0,0.0008877998629603819,0.0078030863060883525,0.0004562841431330327,0.6189996747133955,0.0005359704712009515,0.2020909700781074
sim16,30.0,0.0784544565770838,0.08581943137936057,30.0,0.0012401166086741392,0.030628848506265207,0.0009236475256077489,0.8703977277178638,0.0016253202592067912,0.19208445810024422
sim16,14.0,0.08600894807004501,0.09504191336638926,14.0,0.000725303152161726,0.004001017411352861,0.00042296150223970037,0.6944739494150548,0.000614338995878951,0.18424755212713484
sim17,30.0,0.21423510801562481,0.31088391928665826,26.0,0.0010037068927584041,0.2521165599861096,0.0007973184070402503,1.1392748510513797,0.0008606564795076011,0.3242745101711506
sim17,14.0,0.24851459510115093,0.46145904906662183,14.0,0.0002530353631553,0.21427901286176024,0.00046896921025858606,0.808866780024244,0.00030915499643200864,0.2968655295652358
sim17,7.0,0.21711073456115845,0.6813539782823679,7.0,3.683641084726937e-05,0.17939902158652596,0.0002165959043444444,0.5817680287512518,0.00013554231583752058,0.26705356709379535
sim19,30.0,0.2482585755024596,0.5417303785933028,30.0,0.000605343040488549,0.18238850857158892,0.0010117102521189068,1.0903988569118988,0.0009129746069067085,0.3538215261389399
sim19,14.0,0.16889205821021067,0.2152054393254862,14.0,8.741062233975608e-07,0.10812846849674676,0.00044724252596768427,0.7115805127899631,0.0004221724214440203,0.2618065050244373
sim20,30.0,0.11547672654626462,0.13322585498193118,30.0,0.0019133232474655437,0.21863849763822438,0.0009487738617370046,1.195669434041584,0.0013756471756977584,0.2577491428447363
sim20,14.0,0.20685511516273078,0.29228653188281406,14.0,0.00070972710141127,0.20941367518942766,0.00046426816521368555,0.8338008940664318,0.00035726446283847966,0.27977009088444815
sim20,7.0,0.24666944289130763,0.4422890208998983,7.0,9.454649237936548e-05,0.2003496311085962,0.0002583507924453434,0.5071997925074645,0.00011113941578674606,0.2830393797501703
sim20,3.0,0.24939275178882686,0.5246424067650288,3.0,0.0,0.1406603126012403,0.00010688951654152204,0.3687151601510996,4.1269142845949046e-05,0.2629409168122485
sim21,30.0,0.13763249593405183,0.8352126251589402,30.0,0.0018335002292375509,0.014472380371776485,0.000925140142533768,1.1461653667255387,0.001265162439486603,0.2671660629832427
sim23,30.0,0.2424862295094259,0.4133179921173134,30.0,0.0017964468969519122,0.08766131783710349,0.0009927963797465107,1.1614484771534221,0.0009276853651216006,0.32799073010101654
sim23,14.0,0.235883278480641,0.38118618969429957,14.0,0.000982850169480106,0.04563039165365094,0.00042993845588872856,0.8099790794821959,0.00036101084857579306,0.29587474733545227
sim23,7.0,0.16954397862553824,0.21635229354979482,7.0,0.00032403864257100505,0.02877039623032084,0.00022558081079300873,0.4999377906792118,0.00016755100746160755,0.23139151645501396
sim25,30.0,0.06480689049678287,0.06965930996102968,30.0,0.002172003955181538,0.04388585573908543,0.0008623939137218877,1.0667113020631342,0.001500691124055433,0.20330853851241543
sim25,14.0,0.0864407509377212,0.0955754099188839,14.0,0.0009151057065673765,0.04026058407547088,0.00042618901369785014,0.6719641230604338,0.0006018195800359097,0.18097427239420782
sim25,7.0,0.05205129739197029,0.05508573566581425,7.0,1.452690521352478e-08,0.03977332492908881,0.0002004398169570567,0.4508091674987337,0.00033593217306238603,0.12575883512996416
sim25,3.0,0.17002962338128172,0.2172096596085392,3.0,0.0,0.026917568954029913,9.136941090868739e-05,0.3623561628990181,6.130549506510246e-05,0.2174592223471721
sim28,30.0,0.07329244282858718,0.07963401996425447,30.0,0.002672183523608173,0.0070841342853209446,0.0008878260760927624,0.8221966050575893,0.0015381235090803206,0.19857576002214386
sim31,30.0,0.1605056925441595,0.7991559918434537,30.0,0.0015170755984082198,0.1538849735753389,0.0009053602630451267,1.1210478417024123,0.001171890048818246,0.28549787104679586
sim31,14.0,0.09415825751210133,0.8947679603107358,14.0,0.00041423996204543914,0.144035632900437,0.0004306976376844306,0.7056784550430357,0.0005126166119491977,0.20988673181834294
sim31,7.0,0.20196657032335458,0.28083469782685616,7.0,0.0,0.05457401219548548,0.0002498757641132874,0.45924884648579334,0.0001462446909284088,0.25878501989604374
sim32,30.0,0.20266178526254564,0.2824265302536765,30.0,0.0011064872818814307,0.10207167643917626,0.0010000371166507794,1.2512369654677105,0.0011026231487007011,0.31543295427024476
sim32,14.0,0.16442677338578351,0.20747098158607155,14.0,0.0003790155814501811,0.06635148107301209,0.0005110212939457393,0.5543600127544537,0.00041353979591464846,0.2562974580091923
sim32,7.0,0.15042051152047495,0.18443782153191257,7.0,1.9970972491620077e-05,0.055547320139446535,0.0002408464719128215,0.4469711134044948,0.00017167833529524912,0.2201774166409265
sim32,3.0,0.06458279739336942,0.06939902159118289,3.0,1.9970972491620077e-05,0.0030872278220905216,9.733855983572064e-05,0.32908526614852657,9.636057532253175e-05,0.1275672820199039
sim35,30.0,0.2077467559153257,0.7055559390644656,30.0,0.0007788107595564807,0.19423064356415295,0.001020770727910812,1.074571965977473,0.0010253961616329547,0.32025285507156026
sim35,14.0,0.11395302505909682,0.1311545378604975,14.0,0.0007788107595564807,0.007514412785838026,0.00048317311125025173,0.6954270839651835,0.0005397843276740526,0.20144186798731184
sim37,30.0,0.21240009903025553,0.6939069389417111,25.0,0.00074098520731491,0.3262106607387744,0.0008013294471221114,1.0163009728167909,0.0007665267290268984,0.3212428268420796
sim37,14.0,0.24339917673795003,0.41875454928397565,14.0,0.0003701725579592707,0.23770678198873313,0.0004418904991119994,0.7483711916521721,0.00029530540692083193,0.30258546885410437
sim37,7.0,0.23993442975765145,0.39967268446555254,7.0,2.2899294488040528e-07,0.09407135998285293,0.00025560020862969824,0.5105722901919725,0.00012994980275881797,0.27555841602793124
sim37,3.0,0.19351959473460129,0.26234393492822716,3.0,2.2899294488040528e-07,0.044711015323555515,9.055180131114322e-05,0.353368954773326,4.7859205269110964e-05,0.24186804931153233
sim43,30.0,0.12379177031046541,0.8552579762504068,30.0,0.0011873522645409601,0.01565980808881763,0.000913168983733838,1.0357039671328396,0.0013356589274510261,0.26345458497706076
sim43,14.0,0.06756929767707917,0.9271190727688484,14.0,0.00015973892385701772,0.006259037747156728,0.0004442918261233143,0.7967649017134479,0.0006265244752357241,0.17823200467782463
sim45,30.0,0.16021049235848064,0.20035102596284537,30.0,0.0022683096965605736,0.19099554621525788,0.0009818170171542948,1.1009995333123956,0.0012128943488641946,0.2775288563304173
sim45,14.0,0.12132178376112765,0.14128253981876998,14.0,0.0007596680346810989,0.11409556465764731,0.00045869421507940974,0.8284866756494392,0.00048209666443500924,0.22961520935440113
sim46,30.0,0.058278354887405244,0.9378603031933755,30.0,0.0005719151244205758,0.469493011924164,0.0008674215752696689,0.9943628503935329,0.0016192510339961377,0.1718248304743108
sim46,14.0,0.22552579619067295,0.6564423338144987,14.0,0.0002601525921830427,0.4035370141148045,0.00046514872322454636,0.8209342306224291,0.00031670431620027653,0.3096398902941603
sim46,7.0,0.2180454953015401,0.32124177026368855,7.0,0.00025984201248602495,0.2948995507921146,0.00024111247618256978,0.5813016553184209,0.00011960001128567343,0.2815159315150395
sim46,3.0,0.08106126387661662,0.9110215762260947,3.0,0.0,0.12387154469879888,0.00011089661683641412,0.33590835806992475,8.980263570618014e-05,0.15014773463631048
sim48,30.0,0.23188495619997848,0.6345921387006742,30.0,0.001124551353713884,0.39405609186815727,0.000973691626810383,1.1820452327302668,0.000937249794839713,0.3346415371264755
sim48,14.0,0.17749883328106258,0.7692604068906853,14.0,0.00048241158386485883,0.33322121632896246,0.0004656542088854844,0.840700997408108,0.0004149075072616321,0.2578244637604016
sim48,7.0,0.22072938242357185,0.3289134208173296,7.0,0.0,0.12125010461943624,0.00023853263773542768,0.5892683717481213,0.00013759507917482326,0.25713277291050163
sim50,30.0,0.1089180717574497,0.8756087435650963,30.0,0.00038702384845275354,0.549297898235821,0.0009730778307980828,1.0040072034696368,0.0013718721231763295,0.2238128880157749
sim50,14.0,0.2396122187790753,0.6019204651722347,14.0,0.0,0.2336014311012915,0.0004596641538347265,0.7265770106230548,0.0003232408496764407,0.29838669641643284
sim50,7.0,0.2383515339388657,0.39207194034388343,7.0,0.0,0.12108135322878272,0.00023047641303746571,0.5299386919497269,0.00011659412948979874,0.29741943246015984
sim50,3.0,0.19533278846763247,0.266189795919067,3.0,0.0,0.05130581080399161,9.356222124755951e-05,0.3854620304666972,4.3791427613336716e-05,0.2457857933576623
sim53,30.0,0.06868385010426407,0.07418765882640752,30.0,0.0020317392328175823,0.0010617255849732369,0.0008793796447851541,0.9982426781027428,0.001484872855588759,0.22664025039719282
sim59,30.0,0.24956811062787024,0.5207819482274828,30.0,0.0008338078735512426,0.5850765858521875,0.0010054383931259532,0.9985795556789552,0.0009608606351480525,0.3468535801442375
sim59,14.0,0.24856477599542048,0.5378843503914152,14.0,0.00040344259799652784,0.4650749252747055,0.0005076039217671204,0.6939589206983908,0.00030962064544359417,0.3155279934556552
sim59,7.0,0.24934081145996753,0.5256746672818262,7.0,0.0,0.204153450327381,0.00023121950062716118,0.6707022542028913,0.00011071873385905394,0.2932281984332384
sim59,3.0,0.24916815935567588,0.5288416477394083,3.0,0.0,0.10919339823558148,0.00010130518432192119,0.40023605894709663,4.349269834490591e-05,0.266400083270333
sim60,30.0,0.15459800534378615,0.8088721331817,30.0,0.0006044914117587876,0.22763430303071608,0.0009668681246902394,1.0794837230547523,0.0011819038559310064,0.2659428470211911
sim60,14.0,0.11180694492498193,0.8717432650029023,14.0,0.00017188577571178635,0.18253011130786428,0.000505002667756323,0.6773055317623057,0.0005275523362553217,0.20533062405087515
sim60,7.0,0.24473251115521255,0.4274225321136963,7.0,0.0,0.11108739385972821,0.0002236620197285106,0.6032998363534439,0.0001118203262159148,0.2833040522697413
sim60,3.0,0.10800649892824848,0.12317974965276679,3.0,0.0,0.01037360287603782,8.554489498967633e-05,0.3425359238040987,7.723097548596978e-05,0.16980694520136294
sim62,30.0,0.20153698575091847,0.2798568323815578,30.0,0.0015737045392909049,0.5318178316664363,0.0009270307612712231,1.0064802191231743,0.000967033504347789,0.329914440089579
sim62,14.0,0.2178900105230875,0.6791926044146702,14.0,0.0013577388249250686,0.3553413323335523,0.000464866956121921,0.7460043483541928,0.00038259736276639216,0.27952633414225064
sim66,30.0,0.1513426059567033,0.18590225399838237,30.0,0.0009726320081448002,0.05449197074672432,0.0009523590733709137,1.0864559619821383,0.0011750661127482465,0.2812618952879735
sim66,14.0,0.13028764897666492,0.15400527312784798,14.0,0.0009726320081448002,0.020849336185259,0.0004507203698935758,0.664707939707356,0.0004994370128536275,0.2301264952932477
sim69,30.0,0.23722381014536567,0.38696819096097623,30.0,0.0008385629172252555,0.43363681436961654,0.001020808215719848,1.058469183154247,0.0008642255512421401,0.3525476970344841
sim69,14.0,0.1494092711245636,0.18283958494882058,14.0,0.0006825540831408758,0.030464838577080117,0.00045247026609033765,0.8239497002291745,0.000423163464653316,0.2527329493156181
sim70,30.0,0.16606206520376696,0.21027955751063568,26.0,0.0002501415651642784,0.2692449580941884,0.0008363731198762046,1.1562597519533775,0.0009890349566559979,0.2697932124047567
sim70,14.0,0.21800681179480666,0.6788663976413495,14.0,7.165743190195659e-05,0.12953874400542942,0.00046637013522036634,0.7007657286524739,0.0003461278625352336,0.2876212527522693
sim70,7.0,0.11402192581110851,0.1312479502580474,7.0,7.165743190195659e-05,0.006483129971021714,0.000218675950611987,0.5325528670528383,0.0001910587307089648,0.19522318122390814
sim73,30.0,0.074419619748655,0.9190231261533723,30.0,0.002296620689613514,0.0027127528014772905,0.0009195283793898754,1.0139890038112427,0.001510353146227783,0.20597502760686776
sim78,30.0,0.1630491037476114,0.7948743736786712,30.0,0.0006396227373985596,0.3069942805049021,0.001000520160427982,1.0663890240608587,0.0011819403358661084,0.2908332800687423
sim78,14.0,0.17365120799876196,0.776312851675846,14.0,0.0003614567011013886,0.18813148620315678,0.00046596698714447256,0.681266348354825,0.0004300504321220805,0.2625148171494482
sim78,7.0,0.22181084515000962,0.3321037378319864,7.0,0.0,0.08756414100136677,0.00024280739216503544,0.5367587741665504,0.00014317801648023345,0.2605049643067343
sim78,3.0,0.19232170480134766,0.25983694039537986,3.0,0.0,0.03214486785753924,8.374353214884578e-05,0.3999678237625507,5.8278407167710064e-05,0.2334309190554273
sim82,30.0,0.19012464271243484,0.2553055838651704,29.0,0.0006607759825106396,0.07876237320872591,0.000938127851590924,1.0077070462099258,0.00105964079114709,0.29575791520660605
sim82,14.0,0.10987088223808124,0.12566176021955924,14.0,0.0002838928000997533,0.026294080367845384,0.0004368366619615366,0.8043270394732681,0.0005412876776651413,0.21772153990541707
sim83,30.0,0.05728458196580673,0.06100635763807095,30.0,0.0016221657064114776,0.0005587184848529922,0.0008937028289210911,1.0532211027384073,0.0016064235795974107,0.1852202009170778
sim84,30.0,0.05098478898632555,0.9461112092445946,30.0,0.0019869257061434923,0.6120618670640992,0.000905753253303108,1.0779983641747812,0.0016011962577379818,0.1753774266246811
sim84,14.0,0.06082644364779788,0.9349408653509143,14.0,0.0007381773232114609,0.6005563675447001,0.00042031203703944074,0.6612913062856535,0.0007056224225646765,0.16483933812153168
sim84,7.0,0.1512793107551162,0.8141984870187694,7.0,0.0,0.5935147725281948,0.0002336399498262737,0.5102150902402292,0.00018393636725834697,0.20813772129809854
sim84,3.0,0.18442024152001338,0.756085451519579,3.0,0.0,0.36224773009143163,9.122421178347069e-05,0.3570466616815257,4.52243717346615e-05,0.23788591369193612
sim85,30.0,0.21538151804516967,0.31393957445273235,30.0,0.0010012386758154294,0.13848310611351922,0.0009323279890780531,1.1636374021010654,0.0009799045588838172,0.3210514017910125
sim85,14.0,0.23463132817108173,0.6239704474014605,14.0,0.0005170107525130374,0.1004123706351461,0.0004807147747527837,0.850236164656902,0.0003179145735947162,0.3032781327643439
sim85,7.0,0.2107596693606545,0.6980917227936229,7.0,0.0005011987257156784,0.05783541447262955,0.00021692566116313157,0.518996572258628,0.0001533338578372122,0.2589024466092597
sim89,30.0,0.07269489629540625,0.07892387421679468,30.0,0.001466468498807067,0.017077169331140958,0.0008889378098784094,1.2532409951313064,0.0015394400477445563,0.18280200128662613
sim89,14.0,0.050527694593072686,0.053376774666915344,14.0,0.000367141579472803,0.008936746475940121,0.00041668560987641415,0.6108131313536126,0.0006993807781145152,0.16188392127713833
sim91,30.0,0.2476792543445769,0.5481741181073726,30.0,0.000626821445831409,0.4326071626810431,0.000996896603202614,1.1027982465254715,0.0009585265028315706,0.334981490095367
sim91,14.0,0.12038151674804158,0.13997432973195034,14.0,0.0003968240802315834,0.39643361799269144,0.0004607081574306584,0.6684764333751159,0.0004940772306473984,0.21479817792084344
sim91,7.0,0.08903874490102731,0.09880023043504538,7.0,0.0003968240802315834,0.003558395341423398,0.00020457243598935267,0.5810339489521484,0.00024724691270406755,0.1596088045613409
sim93,30.0,0.06536834721563305,0.9296878550580258,30.0,0.002037966397213458,0.007673689691305997,0.0008772022352928263,0.9407893937333689,0.0015223011583198798,0.19139545722169324
sim93,14.0,0.05212129121530509,0.9448355974792203,14.0,0.000811877528913167,0.003298589506040515,0.00042035628439590666,0.6695499479186872,0.0007213795204289281,0.1453916543570443
sim95,30.0,0.1892566573103196,0.25353835452614454,30.0,0.0013817750367303855,0.05186685692356473,0.0009792005210533025,0.9697966499940475,0.0010653829263845608,0.2729926146380822
sim96,14.0,0.09099561703822452,0.898753536613502,14.0,0.0008828371486460411,0.0036494445413523618,0.0004195787729070913,0.667768628059456,0.0005695115524907508,0.19560088186809338
sim97,30.0,0.24984686876002352,0.48762537919867954,30.0,0.0012664681947929031,0.48428995695803656,0.000977389974295975,1.2145052701767636,0.0009081285977902468,0.33833175772170365
sim97,7.0,0.08363951944783952,0.9078731182024141,7.0,0.00013280775272916798,0.3453779656316669,0.00022077413083807692,0.4860558672897527,0.00026298534699396804,0.17302573131009805
sim97,3.0,0.21210285886033145,0.6946718807112844,3.0,0.0,0.31681572220792226,9.425649914364901e-05,0.38700760231987347,3.695235171706042e-05,0.2506667516050076
sim98,30.0,0.13241265726947707,0.1570898911806143,30.0,0.0013009835077248632,0.017579086720777973,0.0009086213371378979,1.2091382814156177,0.0012632134726277364,0.24495809575009836
sim98,14.0,0.10330840178936711,0.11699660809513333,14.0,0.00042829632799873716,0.008699248605938703,0.00045876154573680397,0.7072733708050221,0.0005828624967776856,0.21577654034036223
sim98,7.0,0.08463727144255652,0.0933518368940498,7.0,0.0,0.007620593028808981,0.0002736987833596849,0.4053695022870512,0.0002584627104623864,0.1603510633889617
sim98,3.0,0.0601915641237286,0.06432990018102987,3.0,0.0,0.0020629455235047904,9.282494255687346e-05,0.25600427371663853,0.00011414715974516148,0.11915854051804717
sim99,30.0,0.06311404532578342,0.9323030819624313,30.0,0.001586356871343581,0.03440209948194338,0.0009270828553005997,0.9081638697888554,0.001506920854525386,0.20773738113152349
sim99,14.0,0.07681728479081282,0.9161522740646592,14.0,0.0008524442319225976,0.02823789010097958,0.00040285842237278825,0.65607770735241,0.0006852947857960714,0.18295939289076857
sim99,7.0,0.1368494144335391,0.8363786342300309,7.0,0.0003494628234294535,0.01493981765097211,0.000239061726615232,0.5042904954569518,0.0001978184441328815,0.20626904122722528
sim101,30.0,0.11655984262418803,0.1347053827719166,30.0,0.0020005513203913312,0.4352580192486179,0.0009074381091641909,1.0764798734001253,0.001328275484328454,0.24629973130062255
sim101,14.0,0.14872067722734778,0.18175587550961414,14.0,0.00032280759513488483,0.40022908752966213,0.00044299705097425925,0.7579291793244707,0.00046563112931313744,0.21280547244664583
sim101,7.0,0.24182411530006817,0.40957940113042907,7.0,0.0,0.31895367663056456,0.00024783625963520925,0.5652657083213032,0.00014005154038330929,0.28691835371073504
sim101,3.0,0.20548340756618266,0.7109895552718601,3.0,0.0,0.21836037011358578,9.72005582417472e-05,0.3578936773041106,2.5841835847039923e-05,0.24010680892050154
sim104,30.0,0.17528284593356966,0.7733443872963744,30.0,0.001066562994790352,0.35551504132854833,0.0010008459064441344,1.14156571663488,0.0011563998245395215,0.2749402738871504
sim104,14.0,0.24730733830174206,0.4481091366591581,14.0,0.00025054292398581015,0.27742476878234595,0.00048706923435185576,0.7274407506153446,0.00032878738453615957,0.2899176169998867
sim105,30.0,0.0764544445683399,0.9165879924237617,30.0,0.0009645893571175925,0.10910613664864134,0.0008971391502798,1.0457080930342482,0.0015151561422142145,0.20815813434526834
sim105,14.0,0.1257777281854671,0.1475481993030353,14.0,0.0007581972967023336,0.005484316290328397,0.0004281630099443476,0.7239456831604074,0.00047563148586668674,0.22235028424198763
sim106,14.0,0.11435971494966779,0.13170625168171507,14.0,0.0004809276506039216,0.9411428791542445,0.0004966842766842317,0.6500947917721476,0.0005090320908992485,0.22434951707304196
sim106,3.0,0.06218886022881348,0.0666281737685449,3.0,0.0,0.9172292469146888,9.780426338528879e-05,0.2820455052461883,9.984856158785801e-05,0.10911184398235353
sim107,30.0,0.19908132698364236,0.2743483369962507,30.0,0.0009545982482146571,0.1891871433855314,0.0009608380453996629,1.2118329144035511,0.001081068672548334,0.2766626867783624
sim107,14.0,0.24403505891875252,0.4227669689753958,14.0,0.0008078973160703454,0.08667328810214786,0.0004552883575164904,0.7296137397381942,0.0003001996892077901,0.32055621604512824
sim108,30.0,0.13664605837477756,0.8366807710951465,30.0,0.0007511618209913191,0.20801696255015997,0.0009557893753552929,1.075122111292959,0.001341869420381915,0.22170709071828587
sim108,14.0,0.17589418351028463,0.7722238352711154,14.0,2.8719393530704637e-06,0.17221843107424478,0.0005214237342876659,0.7683559148051375,0.0003891176683727205,0.2675861128544497
sim108,7.0,0.15694863501675277,0.8050432182220205,7.0,0.0,0.13374166995418457,0.00024458637769096664,0.5067100072010399,0.00018517527074098035,0.245696969235608
sim108,3.0,0.23105154366170183,0.63765339203339,3.0,0.0,0.07614379493066666,8.572766188702937e-05,0.3507672057258419,3.2930170949178876e-05,0.25442600215839145
sim112,30.0,0.24441663659731638,0.4252780928864659,30.0,0.0006194339253070073,0.4280076290376811,0.0009629046717383971,1.1302977874990945,0.000985497021411391,0.33449880099761975
sim112,14.0,0.19979881337258856,0.27594378690290366,14.0,0.00030317083276061455,0.3436222591828432,0.00047015237218658455,0.7144287442445618,0.0003511382503084911,0.2899665373898067
sim112,7.0,0.23052526504242876,0.3604480922467514,7.0,0.00030317083276061455,0.19464902730199649,0.00021574059313002818,0.5604870745509674,0.00012416961514338337,0.27167644660103796
sim112,3.0,0.23906921389616276,0.6045503998262907,3.0,0.0002695182746261683,0.16881237278932656,0.00010065564924733442,0.39430634752762134,4.299011034389004e-05,0.25772062566953574
sim114,30.0,0.13148343228927314,0.8442623530256058,30.0,0.000516786449043642,0.15664355151582135,0.0010051244682455875,0.9651559102388192,0.0012964884912299824,0.26292571231249234
sim114,14.0,0.19357228036941596,0.7375451949221117,14.0,3.290920415728957e-06,0.11932420633791907,0.00046898292536966854,0.7001202632448524,0.00037942325555939704,0.27396249082221497
sim114,7.0,0.1899256160398776,0.7451007628713595,7.0,3.290920415728957e-06,0.02411023111352453,0.00020146801659253171,0.623865612896468,0.00014123071746191784,0.24379497233970704
sim114,3.0,0.13102332258752933,0.8449299601549142,3.0,0.0,0.015163623443010681,8.565405228068254e-05,0.3497738125599563,5.9611242249572604e-05,0.1875465462986317
sim117,30.0,0.2496990547372181,0.5173477740007735,30.0,0.00016257506552307962,0.6969072419245124,0.0010156162534470875,1.0529923150245166,0.0009458380817931071,0.31710587677032487
sim117,14.0,0.08479489371079668,0.9064543102111273,14.0,1.3136595955587831e-05,0.5411147761928665,0.0004129956725782347,0.6327074443122102,0.0006409568885520667,0.1753270254835666
sim117,7.0,0.24772863630042208,0.5476588260407024,7.0,0.0,0.47382288085283614,0.00024284616119166205,0.5618724452121369,0.00012135672417210799,0.29896850688978316
sim117,3.0,0.24894526481088014,0.5324766868556484,3.0,0.0,0.27122250393741454,8.34674541931631e-05,0.40817391217651483,3.638814743494864e-05,0.26696656784241424
sim121,30.0,0.15131365496056465,0.8141438285872179,30.0,0.0006838481899717244,0.1558392552194289,0.0009936087338434448,1.064012734834747,0.001251752939267673,0.26783389917490924
sim121,14.0,0.12870650620843554,0.848272154774918,14.0,0.0001514889363428831,0.13236102143896827,0.0004924636638483217,0.6721008016427876,0.0004893534596195873,0.24160664692457673
sim121,7.0,0.2336824124748368,0.6277403128427483,7.0,0.0001402017871112804,0.08245149821154724,0.0002534064805696193,0.4984756649888746,0.00014149445886605636,0.274963984131035
sim124,30.0,0.059396181230620765,0.06341802743427526,30.0,0.0020221082839383176,0.012413646400293452,0.0008252912749445154,1.0275351129015475,0.0015756505505711681,0.18947095924818025
sim125,30.0,0.15726152789533973,0.1954700801158279,30.0,0.0009891317195446009,0.032547372621000034,0.0009389660492789931,1.1337683210726501,0.0012367013953468251,0.2324790334572821
sim127,30.0,0.0665851990812159,0.9282695423664682,30.0,0.0019373475192050239,0.009820311376067798,0.0009442834532932076,1.037202524254891,0.001641125475189974,0.1835223583447554
sim129,30.0,0.07063293227991589,0.9235174939953297,30.0,0.0015741086178484086,0.006940835097507058,0.0009033049632711317,1.043861723109708,0.0016742540378676357,0.17641436323721657
sim133,30.0,0.11922625940355816,0.13837347913013648,30.0,0.0006034485298819504,0.010276455528819738,0.0009203290979131569,1.0640640799028653,0.0012886980386321994,0.2576258317403657
sim136,30.0,0.24639736978703297,0.43997808556062995,30.0,0.0016801646782552727,0.06806842215971061,0.0009073207900643054,1.1603986101015016,0.000915669603953642,0.34500880329538036
sim136,14.0,0.2424820789055966,0.4132940538693946,14.0,0.0005254918837918465,0.03646906118149623,0.0004255829249901665,0.7631053066053102,0.00029040482434314764,0.3275472818843687
sim136,7.0,0.13409222990886524,0.15954769777377809,7.0,9.120417457233604e-05,0.020734472093130136,0.0002408188988218933,0.46440193225597765,0.00021261724132504343,0.17869582536096296
sim137,30.0,0.2481334836146481,0.45679680121389293,30.0,0.0008411157934970516,0.17283652103253952,0.0009991402137074445,1.1313015103433488,0.0009078436271565244,0.3452370789523877
sim137,14.0,0.14385801129952355,0.8257943963613807,14.0,0.0002979516829632962,0.0299118079344814,0.00043834061177742414,0.6001856350989561,0.0004567280109444437,0.24855490747109463
sim141,30.0,0.1696833068272303,0.21659800076081026,30.0,0.001537058957859932,0.1149136107782992,0.0009448972591104072,1.0719015522868214,0.001166649565177629,0.29981176679450733
sim147,30.0,0.053215436818455315,0.05639593872289144,30.0,0.00209610849826512,0.01540277787793221,0.0008408651377474837,0.9494189691558504,0.0015654911453631293,0.19866101295932875
sim149,30.0,0.2003125443542966,0.27709316823905233,30.0,0.001259588534873729,0.38009753352120323,0.0009787799253594056,1.0885609590900927,0.00099786294763292,0.3208372785880448
sim149,14.0,0.24362826981443386,0.57982311811478,14.0,0.0009358440482273376,0.04409373684238785,0.00048656217342855424,0.7399354449349695,0.00027708263661221954,0.3235458061668027
sim149,7.0,0.21530560686142022,0.6862643098894143,7.0,0.00025832889739997643,0.028200231786868885,0.00021401057265199488,0.47301533897915243,0.000136420751180794,0.2704491078120288
sim149,3.0,0.16714505712840277,0.787845345405475,3.0,0.0,0.017230845720457397,9.621129999714345e-05,0.333442508466333,4.487420000461715e-05,0.20837885235894738
sim151,30.0,0.19701294718412382,0.7301891674598876,30.0,0.00014509486384176612,0.896172561930961,0.0010012564803770852,1.1021570084070178,0.0010923530000543575,0.3059503366674335
sim151,14.0,0.24686678291441896,0.555975147034921,14.0,0.0,0.5532846364204727,0.00043552674659195893,0.7949396875836808,0.00030756673331968585,0.3094595505834133
sim151,7.0,0.24843980593248272,0.5394992919875444,7.0,0.0,0.4715124301752839,0.00024018247171305688,0.5140096665504075,0.00011598905520159016,0.2900976994333307
sim151,3.0,0.1856137753208519,0.7537444081731617,3.0,0.0,0.3917727086318055,9.47556642117443e-05,0.38501530878829854,4.30116289986867e-05,0.23598532191367558
sim154,14.0,0.11918326835930865,0.13831404279307255,14.0,0.0009599801764605722,0.014053516969842875,0.00046864124913544453,0.772278826296602,0.0005133939724015187,0.2354537104559614
sim154,7.0,0.05539390767945341,0.058858194771174974,7.0,0.0006414289779465253,0.0038144752710825482,0.00021669415714473673,0.4896020666850652,0.000329689808108451,0.12931834232616074
sim155,30.0,0.24191264414211644,0.5899297273313089,30.0,0.0012245661978509382,0.13277919578633704,0.0010175183141896476,0.999492277426682,0.0009236733435751558,0.3241515154810517
sim155,14.0,0.11058844794912569,0.8733785639948741,14.0,0.0003311654426158305,0.02459677519092676,0.0004529363232805353,0.6715038462831181,0.00054235739196129,0.2065972436515974
sim156,30.0,0.23651552775511633,0.6161226603419147,30.0,0.002685058307239784,0.35356494495058055,0.0009714104257211514,1.1636069103276439,0.0009683252755142581,0.32307452050339236
sim163,30.0,0.2470565119850459,0.5542539216550664,24.0,5.372253043075585e-06,0.41931711354076395,0.0007958204217967494,1.04087885124634,0.0006717517780811742,0.3331619713411391
sim163,14.0,0.1833842744627266,0.2418997761774055,14.0,5.372253043075585e-06,0.32541347832438744,0.0004464821518905572,0.7842481971964542,0.0003734474563518678,0.2541903727196542
sim163,7.0,0.2471344166262779,0.5535311439605219,7.0,0.0,0.1760283900010463,0.0002217020410057355,0.5907302047085841,0.0001342376726616751,0.290244909343905
sim163,3.0,0.2374229521954883,0.3878525622026447,3.0,0.0,0.11806624584420165,9.189634178530201e-05,0.37118834553510155,4.070224577590046e-05,0.2505197772834091
sim165,7.0,0.09061973035878232,0.8992245854668994,7.0,0.00021365193541843323,0.0069298427095444365,0.00024349932241052397,0.42657671235176203,0.00023500762413556836,0.17767778019264974
sim166,30.0,0.22186513028039848,0.3322654784500176,30.0,0.0006639350211817567,0.1453970326348341,0.001023169184542731,0.9393790804945102,0.0009600339833981961,0.32295530375685544
sim166,14.0,0.15120381063655888,0.814318611226636,14.0,0.00014659323270887358,0.017809569724334222,0.0004398090230429407,0.7347046333383438,0.00047806525557936465,0.24942901851414712
sim167,30.0,0.23185803509402558,0.36530788847904117,30.0,0.0011703928076076378,0.07616792670831031,0.0009644470156750925,1.0818171628553086,0.0009805960725121396,0.3199192172698033
sim167,14.0,0.19630860477123288,0.2682859623830116,14.0,0.0007187785230109501,0.03302851263068087,0.0004673959880435742,0.7762985658062428,0.0003956273104706918,0.2805159759789709
sim167,7.0,0.17110222685607776,0.21911252583299082,7.0,0.00012774734106012268,0.023839305444169748,0.00020638885889289903,0.5628632058811429,0.00016440586636170108,0.257054726560806
sim167,3.0,0.07118866884333673,0.07713911134196477,3.0,0.0,0.010617269031400142,8.829884207486691e-05,0.3585452258469272,9.305720106840994e-05,0.11977777490878314
sim168,30.0,0.05616418855979337,0.059732114003069,30.0,0.0012031029885815258,0.018261430590486787,0.0009199811269074207,0.9792238584472404,0.001641509239567277,0.18204748536680948
sim172,30.0,0.09192882310281651,0.1024183393349443,24.0,0.0010535235202384539,0.20987513746728703,0.0007437200283009481,0.9991659212595255,0.0010803795378871936,0.21763864878960526
sim172,14.0,0.1030280121679618,0.11663074219228506,14.0,0.00019582741489618426,0.19550211803362258,0.0004324607690909805,0.6492114499602657,0.0005477215070764528,0.20075071339488196
sim172,7.0,0.13754723924769544,0.16466023088171516,7.0,0.0,0.17854121025076988,0.00025188423754700395,0.40979539233399703,0.00019991762917735397,0.2147787409778374
sim172,3.0,0.21015227663086616,0.3003810545836547,3.0,0.0,0.04950812269570723,9.264679738313696e-05,0.3632337960615709,3.296062984200043e-05,0.24819205844824244
sim173,30.0,0.13903954684089945,0.8331072697482007,30.0,0.0010016416745244098,0.06365264540533691,0.0008854449349052034,1.170639322455816,0.0011984709077871836,0.2679274483655124
sim173,14.0,0.09575906810805616,0.892735193090642,14.0,0.00010321842197662744,0.045978241516995554,0.0004622195449470348,0.6832047667005373,0.0006017832667900285,0.19291576146402728
sim173,7.0,0.14480093931113258,0.8243440467911619,7.0,9.530746234731072e-05,0.018731426138834092,0.0002122369599642953,0.5455893686363188,0.00019659361255097252,0.21531120337758036
sim174,30.0,0.05767429371724703,0.06145045173577824,30.0,0.0015858212775526025,0.16907801407284404,0.0008182574521120372,1.016359063706203,0.0015711960586715027,0.18748694175375255
sim174,14.0,0.17902332571232257,0.23358552162527382,14.0,4.10641345825205e-05,0.1467218785726156,0.0005139535661256608,0.6119593032832878,0.0003667993089533604,0.27161285910304256
sim174,7.0,0.21397788115444782,0.310205061064442,7.0,0.0,0.11898131675125373,0.00018499420935397858,0.5336275731828719,0.000151730992622188,0.2706678030534914
sim174,3.0,0.09414797511244086,0.10521901655783983,3.0,0.0,0.03133208406538121,9.405158103410914e-05,0.33035361195452184,8.801920980314022e-05,0.14317729258256118
sim181,30.0,0.07027958744203713,0.07606555629677497,30.0,0.0009817436010139873,0.029391787301220388,0.000926017811725708,1.1517307492129365,0.0015732039080837135,0.19252297218843964
sim181,14.0,0.0952735611116254,0.10664718268661834,14.0,0.00033872458631764005,0.020496255887619344,0.000458826675191458,0.7293478892628084,0.0005519836947948195,0.19012311732641948
sim185,30.0,0.24621230420814383,0.5615442588049947,30.0,0.0013567784237075952,0.14180992519266086,0.0009485616623055146,1.1095390298798409,0.0009430521197354136,0.3361600649274306
sim185,14.0,0.2063926471751587,0.7088237362582168,14.0,0.00019459785234876825,0.13394282909836755,0.0004485885451099572,0.6955482866052156,0.00034298374997977153,0.2908091761047741
sim185,7.0,0.2357604529503024,0.6193295732402392,7.0,0.0,0.12742370628354144,0.00023816915558535053,0.5369159609827006,0.00010803596837850693,0.26924285695312444
sim185,3.0,0.24546157426040058,0.5673678390598914,3.0,0.0,0.09527434853275503,9.790301183337681e-05,0.367739362740859,3.8008464724400325e-05,0.25874726850249463
sim186,7.0,0.10177115089635116,0.1149950011965444,7.0,0.00043038073068492707,0.0044078509813036655,0.0002012881912259279,0.4598332093844084,0.0002569241561872502,0.1806645291207191
sim192,30.0,0.18386927542894296,0.24284105193274524,30.0,0.0007075492582659686,0.08602328384742126,0.0009407385038839844,1.0902038125395968,0.0010973123818148315,0.2816580996117295
sim199,30.0,0.1745251778439812,0.7747268136822811,30.0,0.0016254779187117418,0.15127979762411026,0.0009681006913256441,1.2184871355739662,0.0011371581163593604,0.2703495316210083
sim200,30.0,0.20308738977803376,0.2834068093822748,30.0,0.0004766248073547677,0.08549105535598411,0.0009440986454568188,1.0508205031500801,0.0010110119190532745,0.30119222185269623
sim200,14.0,0.18835309355201033,0.25171204932983626,14.0,0.00017576238708971427,0.05612664740626276,0.0004771741812618255,0.839428667106453,0.00038633719428423475,0.2775187560874756
sim201,30.0,0.22662100741944424,0.6529019050913224,30.0,0.001023216257569295,0.2614470330096618,0.0010200061911724752,1.1076535204076157,0.000980934128443894,0.3270133275313348
sim201,7.0,0.1728862849609488,0.7776935631934079,7.0,0.0,0.11453968963651874,0.0002779213103579307,0.5178620801652289,0.00015462294907454,0.2378900991432335
sim201,3.0,0.10705992194367135,0.878074170046472,3.0,0.0,0.005630555508687155,7.804977570403693e-05,0.31396844268486396,8.816526432525173e-05,0.16549565159436674
sim202,30.0,0.17339635744832727,0.2232263694791848,30.0,0.0006652355290776651,0.43151701200662684,0.0009405936697440822,1.0327618698554195,0.0010860990948790739,0.2897495649543185
sim202,14.0,0.2312527193540825,0.6369207093390824,14.0,0.000288685345929861,0.3543442846482052,0.00047013802991532406,0.8168157378064292,0.0003584965080601354,0.2830317200178633
sim202,7.0,0.13329171779510873,0.841625939010625,7.0,7.452025531403029e-05,0.327147213308853,0.00024268741595864522,0.49014426129323607,0.00019212930850155173,0.2058691737581626
sim202,3.0,0.2269548705779875,0.348193776734903,3.0,0.0,0.13304382571759063,8.594731667980958e-05,0.40211968954493876,3.51941461186775e-05,0.24537530601056518
sim206,7.0,0.07762516512755985,0.08481951530395826,7.0,0.0002513467656185276,0.005288474494614165,0.00020729194610696422,0.5505768065769922,0.00022221203406571992,0.16051069726990141
sim207,30.0,0.08128680128352922,0.0892528774093837,30.0,0.002189996650431196,0.07483556451980916,0.0008458287060557524,1.10424703509975,0.0015285898187557085,0.20538033647806478
sim208,30.0,0.23087642337848213,0.6382880205278746,30.0,0.0014266281525102172,0.06728608114225022,0.0010038776430792628,1.0980036447380856,0.0010116736889182346,0.3166621047002565
sim208,14.0,0.12610860334582985,0.851982097064851,14.0,0.0006395617423463324,0.006634930626587104,0.0004800061963578774,0.735061621554706,0.0005056576536011816,0.23443963160525244
sim209,30.0,0.11522894360761352,0.13288822357163957,30.0,0.0014581165832442044,0.10155007754318941,0.0009654694789683233,1.0881508614666036,0.0012938318853955926,0.25053451189609915
sim209,14.0,0.05319828866251793,0.05637661092151367,14.0,0.0011634618579840323,0.007956825936227362,0.00045144271603400404,0.6836118984637531,0.000653342413633725,0.16747803351936622
sim210,30.0,0.18608872068808993,0.24719319765498776,30.0,0.0005052354325975403,0.2503491002142101,0.0009892400608119624,1.0299036988062966,0.001056701141161289,0.27030077434972877
sim210,14.0,0.23674697142346154,0.6151217988764007,14.0,0.0003573827146406064,0.1647764586825932,0.0004744117114709333,0.782278342524203,0.0003477972513971617,0.29772177524760235
sim212,30.0,0.24890283605242045,0.4668765347890718,30.0,0.0005062488639304638,0.3203919100817998,0.0009682884383061238,1.0145148678951765,0.0009313752966732974,0.33890080171003445
sim212,14.0,0.2491449467879046,0.47075870707209816,14.0,0.00026422998359684654,0.10422928642773115,0.0004591332663954846,0.6714337212984032,0.00030638505643647317,0.3012471643150948
sim213,30.0,0.2490157451958262,0.5313728354500165,30.0,0.0010660510975118208,0.18666153303795832,0.0009650857123857415,1.0458818196720876,0.0008745851236207196,0.33964162960005273
sim213,14.0,0.2185933005891209,0.32278064606009,14.0,0.0006563121745427814,0.06181577184234242,0.00046945170007349984,0.8510382752665562,0.0003513263091001932,0.30209416722011473
sim214,30.0,0.09082451989417553,0.8989680189010448,30.0,0.001346528836334094,0.008985884628155806,0.000878767613043132,1.08654549750593,0.001431186279031967,0.2288508137580018
sim215,30.0,0.06487289199879377,0.06973600196948126,30.0,0.0025564241470533095,0.009074676396944942,0.0009163083999179678,1.0619400137085717,0.001554162358304524,0.16848638816589137
sim217,30.0,0.20756633227500818,0.7059943390605475,30.0,0.0012438434792709143,0.04544472118739102,0.0008776868711541873,1.168046153099645,0.0010325452856525335,0.31151180134481943
sim217,14.0,0.06739000671175328,0.9273289052805189,14.0,0.0003670132387997238,0.014494878309253258,0.00044943431608512386,0.637140462366263,0.0007096170287385692,0.17013071996550663
sim217,7.0,0.1297673488741411,0.8467458018864236,7.0,0.00011698327077561561,0.006880795249557435,0.00024318102299818702,0.4517479983426231,0.00015396111007595645,0.2127360560547664
sim219,14.0,0.23036578126049043,0.3598778435096377,14.0,0.00017735315958375324,0.4958984713382279,0.0004717828604582361,0.6678637425461733,0.000357695496094444,0.2972463299049998
sim219,7.0,0.19026699690627752,0.25559663853841436,7.0,0.0,0.38733755170710604,0.00020955324694561184,0.562553999589163,0.0001629082744827174,0.25460946511687477
sim219,3.0,0.24716725701603912,0.5532235190865925,3.0,0.0,0.25206090753707633,7.19314679056927e-05,0.40434104871876103,3.945831742233844e-05,0.2667626473174276
sim220,30.0,0.201208178062876,0.2791112906074102,30.0,0.0016979325836347656,0.043977618231653366,0.0010171209260810012,1.104713184830795,0.0010459193801339234,0.2994966724023108
sim223,30.0,0.20865018636035151,0.29665346415626237,30.0,0.0012876102670347574,0.1439021653169221,0.0009878373073119286,1.2732403966604975,0.001002597104681356,0.3189668406561673
sim223,14.0,0.24708999049391708,0.5539445039469537,14.0,0.00011207050011040319,0.09464810463153943,0.00041350735434168785,0.8845716668590543,0.0003215893980091361,0.3038862574762474
sim223,7.0,0.2294770604325317,0.6432582966793488,7.0,0.0,0.04249013235113709,0.00021110436989808467,0.559124081910373,0.00012411265987398782,0.27718458010690866
sim223,3.0,0.10171776518926455,0.8850743237489815,3.0,0.0,0.012141402074175325,9.398306163712424e-05,0.27833693583814456,7.931806524697886e-05,0.15975115719233446
sim224,30.0,0.22544049173361955,0.6567147353198813,30.0,0.0005907668948827099,0.10209813521048461,0.0010029414945954959,1.2041272717281335,0.0009956097642196495,0.33196290765159636
sim224,14.0,0.1376480928226399,0.16481063982077218,14.0,0.00026844942081067567,0.04253541238271287,0.00046488103827153226,0.7670389718103037,0.0003895146479444253,0.25160502443682
sim224,7.0,0.08533837784380505,0.09421480786480768,7.0,0.00026060826428111924,0.0025450858603228805,0.00021339319545652695,0.5615672716031398,0.000242682868164405,0.17198145425412548
sim225,30.0,0.176110717388998,0.22817416860974749,30.0,0.0009186777960016547,0.06915150267420825,0.0009619755642336963,1.081433511486983,0.0010926816362132963,0.31914410683754246
sim225,14.0,0.04913607761854534,0.05182155073960254,14.0,0.00024882490263618767,0.04859252881520367,0.0004033338624679939,0.7218454369062127,0.0007390783475979452,0.14816222665402162
sim225,7.0,0.11380919782845796,0.1309596198631618,7.0,7.155758142323771e-05,0.01476880600489679,0.00023459914803317035,0.4792697175557731,0.00021427169624754978,0.19370789757519752
sim226,30.0,0.23736949269668658,0.38761447022274875,30.0,0.0024661651101302137,0.214343551272243,0.0009965240796248943,1.0891366568378322,0.0008951459076293507,0.3253760142285448
sim226,14.0,0.1900702008735513,0.2551943645941771,14.0,0.0006847413954737365,0.19306707285978422,0.00044000168395063287,0.6564411894246658,0.00039843252189935674,0.2634710671734936
sim226,7.0,0.2412952360803778,0.40670067567435325,7.0,0.00047708783133085806,0.16886686112073138,0.00025573454794698295,0.536106292775598,0.00010431227265650371,0.28021137301827787
sim227,30.0,0.13338360722401463,0.15850857583830108,30.0,0.0012168262838581328,0.0574451698693071,0.0008952199812123101,1.0571565467133412,0.0013804203960100035,0.2264231711919851
sim227,14.0,0.061231293096295096,0.06552479138194213,14.0,0.0008033523587318055,0.04665327998307195,0.00041863163833223227,0.683204688075357,0.0006582432048784354,0.16543864430700103
sim228,30.0,0.07898892292003999,0.9135348559431962,30.0,0.0016504664961885637,0.0016307315605344078,0.0009035328468420984,0.9843376555703146,0.0015645188497456052,0.19539783301032237
sim231,30.0,0.09504617412082186,0.10635825185941197,30.0,0.0017622452587317814,0.049324816607344356,0.0009294625240146529,0.9719272404708655,0.0014270726762537626,0.21595400782265675
sim231,14.0,0.05666413927063965,0.06030026071265366,14.0,0.000987925484439397,0.004069381635015777,0.0004240275728508867,0.6825414181052082,0.0006779148281294659,0.170115571486655
sim232,30.0,0.1396191571509555,0.16776387485849087,30.0,0.0012630238140319337,0.007371706092372029,0.0009550796197319713,1.1772552766540019,0.0012146899672632325,0.26785659947877954
sim238,30.0,0.18270300866799488,0.7594166365752303,30.0,0.001999434227558493,0.12216282583465883,0.0010142672002412543,1.072903221930131,0.0010920635544181228,0.29595877401394727
sim238,14.0,0.05626443159928555,0.05984597195900336,14.0,0.0011072537221105173,0.0004953479846945736,0.0004213171579192042,0.7582154924635108,0.0007011690017399518,0.15045077659015335
sim242,30.0,0.24908399560121,0.469734435429188,30.0,0.0016122656812955162,0.0770986071218904,0.0010082983714655982,1.0261433660133037,0.0008557914197565645,0.34189732102292353
sim243,30.0,0.2082050266618322,0.29556181047033364,30.0,0.000545163329716424,0.34027485730016577,0.0009622732825920592,1.1257644873751307,0.0009688829021556401,0.3192121704134079
sim243,14.0,0.23612439637561067,0.6177947521088666,14.0,0.00018072545659144395,0.2811556327119626,0.00046582789295602286,0.7103496320977897,0.00033966869798516923,0.3171886932810938
sim243,7.0,0.21930673129720807,0.3248050551448703,7.0,0.00018072545659144395,0.08661689912939534,0.0002204551041628216,0.5551243059639627,0.00012436670072129305,0.29319206445325163
sim246,30.0,0.17652792977110643,0.7710573190837937,20.0,0.0004740771856428382,0.18576858994483259,0.0007106137098279507,0.8920507870923146,0.0006818836330259731,0.27935510251900975
sim246,14.0,0.21081485765924918,0.6979523739204732,14.0,0.0002706264340176215,0.16376622205289035,0.00044643211794109523,0.7585958069136413,0.00034400732715840504,0.2952553221097654
sim246,7.0,0.1781481884870522,0.7680518821290905,7.0,0.0,0.1529895552017727,0.00022751665327679898,0.5101594531539945,0.0001583415882735852,0.24159540306122027
sim246,3.0,0.2493526535537462,0.4745569961236144,3.0,0.0,0.12402939545709744,0.00010722091924474285,0.38461606832857753,1.8790762804314493e-05,0.2622507590091512
sim247,30.0,0.1480599420818952,0.819280531692906,30.0,0.0005302533704739019,0.13980456852321907,0.001052894783287938,0.9999696824458724,0.0012390601199881142,0.2907522809966542
sim247,14.0,0.24867483918151906,0.5364027583911021,14.0,0.00042989079589210216,0.0671644695360604,0.00046040206697102877,0.7475981078735146,0.00032203081373138377,0.3012555312771192
sim248,30.0,0.11618347320216255,0.8658094132165511,30.0,0.002020682944787396,0.1327015341060489,0.0009385546612306784,1.080926190041839,0.0012973254391469848,0.24442886347476417
sim249,30.0,0.23104300139614206,0.6376844167066772,30.0,0.0005215625415174354,0.19250418605870473,0.0009772264607326511,1.1128456362389483,0.0009467702025941002,0.3222468498710222
sim249,14.0,0.24990414492598234,0.5097905604547267,14.0,0.0003264511323373151,0.1001044773356835,0.00047769770190899785,0.7806906929065356,0.00029880940439440244,0.30386287301023274
sim249,7.0,0.14580044048118931,0.17720043445070952,7.0,8.839609933278534e-07,0.07095706111934444,0.0002145646915614024,0.5673134531215429,0.00018392680270381135,0.20886418296658127
sim249,3.0,0.07865033344568671,0.0860559620500456,3.0,0.0,0.06183896347079013,8.848825660551826e-05,0.3046698235261399,9.654142313016906e-05,0.13554816884768817
sim250,30.0,0.18520684808061533,0.7545449899710946,30.0,0.0024756260162341944,0.031222523532430425,0.0009743190420159376,1.0959445411237372,0.0010805110505057167,0.28291545812346564
sim250,14.0,0.15379920853164655,0.8101625242809863,14.0,0.0013134746317988067,0.018200247328967988,0.00046198792183146996,0.7764050880979346,0.0004324643772375647,0.24901284098381457
sim251,30.0,0.10341463253408806,0.11713531441785867,30.0,0.0010223153683045516,0.1682012373821119,0.0009569172632573925,0.9386430738405377,0.0014732363411843058,0.21925072441134275
sim251,14.0,0.20885533534283035,0.2971585233312239,14.0,0.0,0.1560594503324989,0.000469699069110445,0.8071565556473197,0.0003292838140881059,0.2842606562452805
sim251,7.0,0.22613050879515373,0.3455024556672623,7.0,0.0,0.09734996124406083,0.00023042966837616318,0.534688879145062,0.00013595810634130993,0.282669063608451
sim251,3.0,0.20915235327927031,0.29789199243788067,3.0,0.0,0.06178775184159655,9.01360114780414e-05,0.3563559197972744,5.072886746254418e-05,0.24735573716811665
sim255,30.0,0.1695347193626151,0.21633597225346868,30.0,0.0011515809885441447,0.45899189758473136,0.0009321773646284631,0.9488057481228389,0.0011018782059314172,0.27885315318158893
sim255,14.0,0.24482352708565994,0.5719477095836973,14.0,1.0966112653343713e-05,0.3423528794148919,0.0004846318044469425,0.688711086075229,0.0002975711618963309,0.3090491103510494
sim255,7.0,0.11499753607500925,0.8674268143793955,7.0,5.666541507312753e-07,0.2835759284099562,0.0002303600946189272,0.5698574118684706,0.00019383039508394582,0.19557162573241904
sim255,3.0,0.24850055435849389,0.5387226760633367,3.0,5.666541507312753e-07,0.15298088163611961,8.009906124055048e-05,0.41409177967942,3.156059314447384e-05,0.2739874010371406
sim256,30.0,0.21412691636374007,0.31059808967103864,30.0,0.0012202329037956476,0.20031830450918475,0.0010009253105910945,1.112181023551929,0.0010015152800447605,0.2997893774414614
sim256,14.0,0.1879006434864921,0.25080257522697413,14.0,0.000330668827490339,0.16634798814781304,0.0004699916861656367,0.685362723593209,0.0004002077904501353,0.24167979059375078
sim256,7.0,0.20742641488154484,0.7063336742232231,7.0,0.00013987301211075846,0.09581389520119042,0.00025818346035089254,0.5261848773467886,0.00014407567082542572,0.2580692377891851
sim256,3.0,0.2474417079279503,0.5505795618016773,3.0,0.0,0.08808662440020582,9.241669838140166e-05,0.44711753873343957,4.209575027613715e-05,0.27013734161132436
sim267,30.0,0.09950694776171187,0.11206565988779993,30.0,0.0020032257609131653,0.015949981287014872,0.0009509176628292866,0.9865248315530124,0.0013811353439278835,0.23177037721837712
sim269,30.0,0.08795285636857678,0.902550796336839,30.0,0.0005914298377989916,0.23340558960664518,0.0009227983796097707,1.109815768518375,0.0014507842609190274,0.21725743690817867
sim269,14.0,0.13234783816911141,0.843004609051961,14.0,0.0001699697883428771,0.21511226440702585,0.0004302630644328021,0.752122558952441,0.0005001894635426075,0.2263686599557404
sim269,7.0,0.1115398911342714,0.8721022828010178,7.0,0.0001337546878105458,0.20532880403559228,0.0002340773869365207,0.5504194146927226,0.00022246439179787031,0.17884302085741718
sim269,3.0,0.19991302301359318,0.7238011996983189,3.0,0.0,0.18790186501981934,8.95580609488033e-05,0.397971609244599,5.1239461188598983e-05,0.22460065012372837
sim270,30.0,0.24957413270183987,0.47936344752241505,30.0,0.0005968527909715577,0.5751730802872292,0.0009905928171591505,1.0268250786158117,0.0008975098941856346,0.35521856009008973
sim270,14.0,0.24115380661294938,0.4059457954844622,14.0,0.00032342244256020254,0.5062674080291049,0.0004910562174698967,0.6529832651794445,0.0003572418205881091,0.30861977636370486
sim270,7.0,0.23119865760264222,0.3628820128598812,7.0,9.932139079467142e-05,0.48442196723697356,0.0002152593469799334,0.5963381087979664,0.00012383657974179567,0.27553546124792894
sim270,3.0,0.19846924707420685,0.7270038610371928,3.0,0.0,0.3861327926565976,9.821406237786303e-05,0.3679226328795056,3.764761797323921e-05,0.23929998816756437
sim272,30.0,0.0759724011347348,0.08283384741177144,30.0,0.002043143768008157,0.016033961463692733,0.0008936522499874011,1.1058855033689525,0.0014449262910308392,0.19410702465160556
sim273,30.0,0.20975828511409847,0.7006033770550774,30.0,0.0003243448050763971,0.17762964183415908,0.0009332902324010291,1.1460471063478392,0.0010398959745483362,0.30666341207495135
sim273,14.0,0.10428609674090641,0.881724905211978,14.0,0.0002832017979707891,0.05994040823967507,0.0004067060590239226,0.699066886095165,0.0005460647319508574,0.1979715851854021
sim273,7.0,0.056728503338887036,0.9396265422618532,7.0,0.0,0.018878386580076765,0.00020503542950312857,0.39091617185195093,0.00030477276020994987,0.1268907154814783
sim274,30.0,0.24704657410426673,0.44565456876854054,30.0,0.0005865691125608488,0.36569605915623976,0.0009729804441463344,1.1441810997224708,0.0008720679150756855,0.33389962122695493
sim274,14.0,0.22912140884354437,0.6444942599429321,14.0,0.0003937767433723483,0.24685721046317358,0.00047045993622193,0.7314826418912378,0.00035007586370057806,0.2950059631331743
sim274,7.0,0.21331127751951448,0.308456995741203,7.0,0.0,0.19605429159521418,0.00021821862372251716,0.5466061298846056,0.00012592476834380353,0.27712752944677216
sim274,3.0,0.10641694628950363,0.8789235459964139,3.0,0.0,0.034727847422600114,0.00010858341256161303,0.3071418415310497,6.609355758731907e-05,0.1725772832279036
sim277,30.0,0.08577449320467062,0.09475253634929512,30.0,0.0019367978317251676,0.030620755121967217,0.0008986262981475609,0.8719091175486986,0.0014407864008781136,0.22042648374695528
sim277,7.0,0.13427809630768744,0.15982077710078685,7.0,5.453659798057765e-07,0.018225781301532518,0.00023535829047278202,0.5090807510899908,0.00018790580674852138,0.22116621404645379
sim281,30.0,0.10359200185852968,0.8826329809902308,30.0,0.0009090326672338158,0.11423225585681226,0.0008666147080017294,1.142060443572703,0.0014558849294909067,0.25006475144670753
sim281,14.0,0.16152946780653463,0.7974399640153713,14.0,0.000548392652610137,0.043714467629064155,0.0004808842601732964,0.7265813003060176,0.00043770661812339145,0.25033577539235885
sim284,30.0,0.24962154073537496,0.5194540295215422,30.0,0.001060901942560954,0.2098863852183826,0.0010105109328321944,1.1043920808434997,0.0009280986185792292,0.3279367595125064
sim284,14.0,0.24988340160600006,0.510798073624491,14.0,0.0002513713948740874,0.10321229253858427,0.0004649091973615338,0.769005820716218,0.0003030884520498799,0.3126255859138243
sim284,7.0,0.11308599630430975,0.8700189234291812,7.0,2.096706625276283e-05,0.016637118113367426,0.00024331688410938326,0.46542270505988825,0.00022186132195478185,0.2016876880126098
sim285,30.0,0.24346749438108506,0.4191760826307278,30.0,0.00061799972453299,1.0293287312593071,0.0009483367080011404,1.2000595067088426,0.0009314525805552595,0.34874991030805474
sim285,14.0,0.2349569873258115,0.377350040056311,14.0,0.000493370182398486,1.00931059078589,0.00047202943055739145,0.7516790350075837,0.0003172314175832025,0.30249314731841787
sim285,7.0,0.17626332194553046,0.7715449834824233,7.0,0.0003673793683910932,0.9645200293762735,0.00024621072102250246,0.484092442632811,0.0001461337406698756,0.24430138830401119
sim290,30.0,0.24476296400822,0.5723673682800472,30.0,0.0007110879048082407,0.17400496927241177,0.0010039986404445735,1.0376110451360818,0.0009289167875843004,0.34658816044011154
sim290,14.0,0.16136995415649039,0.20229201246269926,14.0,0.0002944379983865647,0.023746938465392217,0.00040440493504442245,0.8269614332014313,0.00042483754548594077,0.25556071821959997
sim292,30.0,0.09069939937554564,0.10087520670289804,30.0,0.001143602125682857,0.5012241258685256,0.0009697153862776464,0.9540243818677513,0.0014088879444980385,0.21433482806421333
sim292,14.0,0.2221069513631393,0.667012121227355,14.0,0.0003718583445102983,0.4068712196962141,0.00045883996462924736,0.7385867955508557,0.0003401261602185976,0.28345535984353426
sim292,7.0,0.10959461048297214,0.8747070716133175,7.0,5.854995173451242e-05,0.37543821765151875,0.00027109418111635476,0.5133474897118668,0.0002072576093848517,0.17641380567424603
sim292,3.0,0.23870255490033798,0.6062894402076802,3.0,0.0,0.2404098311664587,0.00010237679186914759,0.367992498460434,2.8109195301982728e-05,0.2578785133965539
sim293,30.0,0.2455959158783572,0.5663632738918357,30.0,0.0005346567685813156,0.14656974813248513,0.0009803408620578263,1.0751507298445602,0.0009446361091134451,0.32501665843870664
sim293,14.0,0.22074124076059534,0.6710519197185599,14.0,0.00014617736698485024,0.04222611113781249,0.0004247368241185187,0.7833231084981347,0.0003409512896814866,0.3064753787217219
sim293,7.0,0.11523596264836322,0.8671022164896812,7.0,0.00014617736698485024,0.00938502734276591,0.00018140766535220806,0.5684985540067317,0.0002023222419817541,0.19168624672975632
sim295,30.0,0.23688521847837452,0.6145197865943938,30.0,0.0010399094944647722,0.07061206782605431,0.000985258109965934,1.0177317605310323,0.000998086025128375,0.3282421471784926
sim295,14.0,0.19755362306444404,0.729011739733045,14.0,0.0004138511727259629,0.020330839351597952,0.0004820734973025672,0.7029885083789815,0.0003733122759009726,0.2883704328880986
sim295,7.0,0.1366202719195877,0.836719064028772,7.0,0.00028145754972410715,0.01431229455965699,0.00023640554748067407,0.5366743108021439,0.00017364563689077698,0.2038458044748846
sim297,30.0,0.24982845884873833,0.5130973719219416,30.0,0.0008536926345225051,0.11783070707923159,0.0009424892409847274,1.0523777671740715,0.0008575125314061311,0.348514341003466
sim297,14.0,0.1101579004865095,0.8739546757475971,14.0,0.0004923673321597009,0.042556702152905135,0.0004152430619926277,0.6983984928072665,0.00048685199366315523,0.2276813736776689
sim297,7.0,0.14618216799299177,0.8222077466589036,7.0,0.00013267372090269456,0.0318484353104725,0.00021998041223779164,0.4799972616827495,0.00017868787835536402,0.20615337176722143
sim297,3.0,0.06737463031328901,0.9273468961940767,3.0,0.0,0.008452489321495763,8.259341833973502e-05,0.3607248934172209,9.888821275093455e-05,0.11909278981226114
sim303,14.0,0.08935303636317124,0.9008078886908649,14.0,0.0009991718775520398,0.002899390047609775,0.0004427668286684141,0.6237748106265409,0.000580234541702043,0.199664884598589
sim304,30.0,0.08564078386871526,0.90541240253757,30.0,0.0017666246726327922,0.004150035501252842,0.0008825776148415815,0.9307306792129165,0.0015143615969716111,0.21900155663069001
sim305,30.0,0.24171113805883496,0.4089568127690763,30.0,0.0015596012186158414,0.07144625727959901,0.0010397317389895843,1.1014796041758514,0.0009090436842297881,0.339042525394794
sim310,30.0,0.1939972435475535,0.7366490153211006,30.0,0.0013864633912496632,0.2575505800426389,0.0008755160044759908,1.138126326334177,0.0010284391933279094,0.30652973984990667
sim310,14.0,0.092266242927736,0.8971570936950063,14.0,0.0004252124817174704,0.2388775962728838,0.0004477026737151564,0.6628828994346421,0.0006175160364170449,0.18947252875556025
sim310,7.0,0.1705060340912739,0.781946743036209,7.0,8.511500379709991e-06,0.1696530942945415,0.00022042998248751193,0.5522278606336792,0.00016153441901827715,0.24275168863409483
sim310,3.0,0.18975944172039197,0.25456047938523013,3.0,8.511500379709991e-06,0.0473084631779293,9.476665746408203e-05,0.34560741116774935,4.243503712955812e-05,0.22988627537290882
sim315,30.0,0.20965953027281145,0.7008493707413308,30.0,0.0015785555672700171,0.058257501921695466,0.0010025138035221581,1.004790126594313,0.001003544161311435,0.31580034859917894
sim315,14.0,0.11635079608369249,0.8655806394166785,14.0,0.0004930212778017356,0.03845337204001283,0.00038331147201465756,0.7440878286563481,0.00047063085338406473,0.21641153859451095
sim315,7.0,0.048402126756180684,0.9489965180753848,7.0,0.00048638775662244635,0.0006051279377328703,0.00017270206161977672,0.49512557847446054,0.0003524779553161465,0.1205085397408196
sim317,30.0,0.10310337588834975,0.8832709539107422,30.0,0.0020763555527028524,0.003799926977895569,0.0009328183686505874,0.9590760936586505,0.0013995546332504472,0.20641967235585754
sim328,30.0,0.1268725060261038,0.8508952749381162,30.0,0.0013084074136645888,0.011125315910070929,0.0009376265031003665,1.1217334425455991,0.0012280268322500782,0.259940060692773
sim329,30.0,0.24400278028308242,0.42255828180549204,30.0,0.001244498546576031,0.25837199483288964,0.0009486995114181243,1.0508279393119424,0.000959824734797458,0.3324536891813932
sim329,14.0,0.22792374857792305,0.6485807908919485,14.0,0.0003007983020766057,0.1854127292063717,0.00045458744454322596,0.7849998236289849,0.00032502457555829534,0.3056685695571529
sim329,7.0,0.10160967555529993,0.8852146472354083,7.0,0.0003007983020766057,0.010268207703575087,0.0002244052009608439,0.4768184314870285,0.00021133711223972104,0.18537382963622362
sim330,30.0,0.2498557429474562,0.48798929425288373,30.0,0.0017847635906711838,0.13005174620896345,0.0009775702842330083,1.0458290907824237,0.0009315447632513698,0.3506529323918376
sim330,14.0,0.09589241731527708,0.10743461349130268,14.0,0.000625843639020229,0.011204045361203679,0.0004066537425042467,0.718647395370481,0.0005628972569933098,0.1955530368535841
sim331,30.0,0.1352995964848233,0.1613255198347878,30.0,0.0002795972543603599,0.3640268102933618,0.0009833216002005528,1.021813579332942,0.0012701483929435482,0.257639823930046
sim331,14.0,0.2492094428482869,0.47188315181758256,14.0,0.0001199965184099527,0.12294815485993131,0.0004609034679314709,0.7703900241361478,0.00033983771462051435,0.3228993334877821
sim331,7.0,0.11907114813621753,0.8618409206595938,7.0,0.00010153592702571278,0.0152652552193274,0.0002488718685756331,0.5196633415805999,0.00021435284785544087,0.20411545608063342
sim331,3.0,0.06163472848350502,0.9340106813391751,3.0,5.586019840384425e-05,0.003309015555952118,0.00011287886596550823,0.2761708584035102,0.00014089490437770366,0.11996851932692898
sim332,30.0,0.07693707707149011,0.916008320744321,30.0,0.0009612727273184514,0.2202907298283725,0.000836906606194196,1.1155688739225873,0.0015175231766875951,0.19631221755813072
sim332,14.0,0.24982296011613833,0.513305633538531,14.0,0.00019543146896938305,0.16924567895906642,0.0005049409447279679,0.7132994864158119,0.00030966252768678456,0.30677827797861473
sim332,7.0,0.1539621599534383,0.19010027420702397,7.0,0.0,0.12931673129811355,0.00022818626969865933,0.5003690837485582,0.0002012313022454856,0.22177657570969467
sim332,3.0,0.07005140809419733,0.07579652063449235,3.0,0.0,0.06546752534825283,7.437474946274722e-05,0.33752992723300873,9.814188956471611e-05,0.12732379819042572
sim337,30.0,0.07915555241029998,0.913333337138078,30.0,0.0006507313973896664,0.00537383525770157,0.0008844678444262868,1.115215780791597,0.001561300806656753,0.20605823421216132
sim339,30.0,0.09699345313467468,0.10883948708321119,30.0,0.002103152297119184,0.04799637096777541,0.0009299732213550917,1.057856311679639,0.00141745671389922,0.21384934401054242
sim339,14.0,0.05104950491147779,0.053961330052514155,14.0,0.0008542802057638925,0.012720708728073894,0.00042261840117069864,0.6187045312731596,0.0007713704583245956,0.14883946477034812
sim339,7.0,0.06547581213576105,0.07043721312916437,7.0,0.00011268103545472892,0.004899094666637049,0.00023759659789749193,0.43815753763348175,0.00030158417064326935,0.15351695361075754
sim344,30.0,0.08779006842216615,0.09724705888369499,30.0,0.0005749429310929875,0.0041181681242061265,0.0009594617469189913,1.0830312756913358,0.0015335433648990665,0.225303968507967
sim345,30.0,0.18490545346373594,0.7551363293148666,30.0,0.002000810672611453,0.08534709763345692,0.000935502545513516,1.1116153652040288,0.0011026266643041154,0.2877120424238105
sim345,14.0,0.17035059881612521,0.7822222549408087,14.0,0.0013666343433657471,0.02786057360977013,0.0004637316870641768,0.760556218033425,0.0004032487857589583,0.2605669539322985
sim347,30.0,0.1904675388043885,0.25600725175609934,30.0,0.000995007095309619,0.197486786042327,0.0009700206266724429,1.077012489571553,0.0011067604830079108,0.3148482064197525
sim347,14.0,0.15381305965704226,0.8101401946587345,14.0,0.0005088356250898455,0.08856988841104538,0.0004716766471784635,0.6965425554700027,0.000445437387817698,0.25799606043771184
sim347,7.0,0.22545958861028736,0.6566537946866039,7.0,0.00011509070672514566,0.06298763393474106,0.0002479994077596868,0.6455338978730848,0.0001359902284386186,0.2668350740405136
sim350,30.0,0.14615410949463764,0.177748715277406,30.0,0.00045335146733494863,0.9698736777039927,0.0009714288781564702,0.955720650707415,0.0012187082765760147,0.26790478066401163
sim350,14.0,0.23856532711335965,0.39306697008575703,14.0,0.0002459714351982052,0.8916751188300098,0.0004750915105169186,0.7077174014309401,0.00034592083602460826,0.29887356579099983
sim350,7.0,0.22226239390827796,0.666546108005327,7.0,0.0,0.6131949363403871,0.00024358731379194612,0.513123019098475,0.00013497443673389872,0.26856651471659587
sim350,3.0,0.2047576181226018,0.7127025666920788,3.0,0.0,0.547119178401551,7.476533090533725e-05,0.36491181544711077,3.7236944290954526e-05,0.22755699947096172
sim352,30.0,0.24657749382688687,0.5585021894728148,30.0,0.000897650414824619,0.5241761667370939,0.000989650291160651,1.096209688632012,0.0009140090311174875,0.32452598706795266
sim352,14.0,0.15828796643992257,0.1971600528990975,14.0,0.00041298345766987245,0.49878926246885835,0.00043140345492926756,0.7822981372200885,0.0004684594364931831,0.23987077434725498
sim352,7.0,0.24954460467091102,0.4786600063474938,7.0,9.621420137977227e-06,0.4487933152725389,0.0002039657505642084,0.5670358789896434,0.00011298557471255773,0.28873338945276794
sim352,3.0,0.17108220795790757,0.7809231069920957,3.0,0.0,0.30684450475172403,6.743268110579939e-05,0.3644367715084712,5.689275922035143e-05,0.21536535141308516
sim353,30.0,0.07016625271985644,0.07593190725999727,30.0,0.0009595697222245958,0.002551314543916939,0.0009005925908450596,1.1018178077129335,0.001504352076302376,0.19059574874457583
sim355,30.0,0.2453357788942713,0.568295103087474,30.0,0.0011395848872008242,0.2251443353992727,0.0010194877634218348,1.0038431368573015,0.0009500094307384735,0.3254283357802902
sim355,14.0,0.11009240159190042,0.8740422414756114,14.0,0.0005137649844244712,0.17467266035413911,0.00042702501841442253,0.7639617735589944,0.000518491209006286,0.21742100359701888
sim355,7.0,0.1258853997090859,0.8522990211324949,7.0,0.0001454062541707591,0.16571911352884386,0.00022590933978451625,0.48093375714029307,0.00020277245088273107,0.20717464402716249
sim355,3.0,0.22904701685606488,0.6447514529942104,3.0,0.00010562652107974303,0.1055548635711129,0.00010232382653788206,0.366796298711961,4.43822508762114e-05,0.2645025115286831
sim358,30.0,0.20986514853413013,0.2996631549967159,30.0,0.0019629870132823976,0.0322832974823037,0.0009294290503381418,1.261763171431673,0.0010358845730842935,0.31616506050607984
sim358,14.0,0.14608162167800862,0.1776362639470882,14.0,0.0006323803306062833,0.016311784168532295,0.0004936963530769573,0.7514273157788591,0.00046196690023886546,0.2214184863702341
sim364,30.0,0.1374077829594884,0.8355476375129344,30.0,0.0006480972923285767,0.08174592511024713,0.0010130580741362829,0.967543910618554,0.001247116935565844,0.2721791544032717
sim364,14.0,0.10486474541554475,0.8809662118672144,14.0,0.0006319412409823003,0.0342194932139157,0.00046000828660857404,0.7486209482048158,0.0005167817124003332,0.20143370997493895
sim367,30.0,0.1286653156424295,0.15166871464427645,30.0,0.0015620059713904945,0.03351853951998775,0.0009220711314228488,1.1695827250300883,0.0012884995588845216,0.2408804208470086
sim367,14.0,0.12260849276256047,0.14308053115942312,14.0,0.0008171159879596626,0.016593413062568632,0.0004094264450512755,0.7621278082936348,0.0005516995080595118,0.2037330779708137
sim369,30.0,0.2076637643495935,0.7057577110351068,30.0,0.0005707383678290376,0.14113696499234016,0.0009994698705287236,1.1435383909746029,0.0010226321343100218,0.3314707284380616
sim370,30.0,0.13949067445769114,0.8324294294166942,30.0,0.0010987495554540668,0.1151562223777427,0.000936088356524096,1.0611747299535128,0.0012643657026969728,0.273807997199001
sim373,30.0,0.12501717965213743,0.14647090593861647,30.0,0.0022252277469471927,0.028656915099897044,0.0009107983173032802,1.1347498699952856,0.0012875821306858864,0.24329087750670075
sim373,14.0,0.1820162893827456,0.2392631391282499,14.0,0.0008275319652462754,0.011812100625746136,0.0004734375508345444,0.7328828069410857,0.00037423184896151723,0.2695447088157803
sim373,7.0,0.08798924004324803,0.09749439760824201,7.0,9.525000338233931e-05,0.00753622986420818,0.0002412656138856686,0.5196145931393816,0.000269186599671935,0.15796889954357865
sim375,30.0,0.06111002537232192,0.9346147427638392,30.0,0.0017119801154104597,0.0009223135239128735,0.0008968442481926947,1.0356897343257974,0.0015585058296241363,0.18257309098718644
sim379,30.0,0.24983040036983523,0.5130230422776242,30.0,0.000721043583756488,0.1911528685862056,0.0010008478009036884,1.0436164738275915,0.0009212431528779718,0.34550204754044805
sim379,14.0,0.24117531259161937,0.5939398073682325,14.0,0.00025693883196198814,0.16716673359034773,0.00048075554946857164,0.7280724940849571,0.0003425125396542886,0.304164752546404
sim379,7.0,0.22146748280658127,0.3310842896784946,7.0,0.0,0.0942602559813537,0.00020276202117944637,0.5430284241034975,0.0001130438930601839,0.2809632577140515
sim379,3.0,0.17285528682263793,0.2222506288443445,3.0,0.0,0.06264915882254818,9.568730142153405e-05,0.36799157573780844,4.306136430358224e-05,0.2303413463757969
sim388,30.0,0.24912829550778115,0.4704753578816129,30.0,0.0011660032898815147,0.06053348794030524,0.0009438303668546955,1.056686164227205,0.0009251618173726797,0.340025069089494
sim389,30.0,0.22828839506468848,0.35265141692126284,23.0,0.0003865457601390671,0.15375595524836339,0.0007691504547473235,1.0058475606958892,0.0006685713714418087,0.3001615739735652
sim389,14.0,0.24356969818207433,0.41981083727880886,14.0,2.2227177283645823e-06,0.12978215626519563,0.0004469549005712395,0.7606213418878573,0.00032220076498151934,0.32544264979703713
sim389,7.0,0.10242325351858046,0.11584281019168788,7.0,2.2227177283645823e-06,0.041571774161367356,0.00022883751438938687,0.45878022724267803,0.00024165066996760764,0.18429227791944602
sim389,3.0,0.10272057701033334,0.11622998685453984,3.0,0.0,0.0058610728373503845,9.274681561394457e-05,0.29754348346011134,7.56993985137713e-05,0.15765239937257308
sim392,30.0,0.24027453661884232,0.5986177640243261,30.0,0.002409582101936902,0.1255179315577494,0.0010037808860399076,1.0270247024093373,0.0008976223642529657,0.36028290151339687
sim395,30.0,0.16294239440154268,0.20494474144923747,30.0,0.001129187774215193,0.12073930150321324,0.0009939552318625317,0.9664134325989919,0.001193669409366568,0.29423969224147356
sim395,14.0,0.163578482197086,0.2060246306186282,14.0,0.0010517791465614328,0.05966797811059814,0.00051220625372451,0.68008673692628,0.0004500665505327666,0.24261371578686322
sim396,30.0,0.10242822932954883,0.8841507134842407,30.0,0.0014500551459117495,0.09473949343750418,0.0009015655265832164,1.0710620855260362,0.0013735790358675758,0.23379951476516322
sim396,14.0,0.22426865696682102,0.3395900781336174,14.0,0.0004264531588351622,0.03343803113721581,0.00047159408273768854,0.7223912914768352,0.00033304757232020934,0.29194207936598543
sim397,30.0,0.13316594395050693,0.15819002932990228,24.0,0.0006527897431963734,0.14490225249450572,0.0008030569415772826,0.9535470609463544,0.001012063466025898,0.23356169752204856
sim397,14.0,0.20110502537512398,0.27887791918291827,14.0,0.00040668251434518776,0.12352156662368038,0.00047795329876057654,0.6847481285922831,0.0003708331879331216,0.27155724880718246
sim397,7.0,0.06436721840626737,0.06914877092697921,7.0,0.0,0.09421869911742467,0.00021805219172067175,0.4383536901269228,0.0003099915520814967,0.14534708579193203
sim397,3.0,0.20407631503092852,0.28570187828851257,3.0,0.0,0.04060502138752038,7.807082660503242e-05,0.42012027783348854,4.21172482473508e-05,0.23292801382211373
sim399,3.0,0.06550305177985091,0.07046892054223935,3.0,0.00012711628559390083,0.00206163850985776,9.069704990466623e-05,0.2907271852371511,9.89922176443091e-05,0.11476453604367982
sim402,14.0,0.08579967100343001,0.9052163977389982,14.0,0.00021992408720470668,0.006160605731814361,0.0004766994927586457,0.7262771692599113,0.000628670555337931,0.183667677192361
sim404,30.0,0.2392963998852633,0.3965417953242146,30.0,0.002041385945478891,0.26736510782224443,0.000987544689136465,1.1107943422227533,0.0009485359005727414,0.3307767908498383
sim404,14.0,0.15244537065036945,0.18766263536100816,14.0,0.0006190051793414441,0.2254677286780345,0.0004585914748227833,0.7305426651490581,0.0004486990727573927,0.24887909451534918
sim404,7.0,0.24859813103369072,0.46255845934914963,7.0,0.0002750160786849316,0.209767611162309,0.00020850340988362036,0.5934109820627037,0.00011647252116666503,0.3041358754930348
sim404,3.0,0.2335629426735288,0.6282070876608278,3.0,0.0,0.1594248171842984,7.759629193216711e-05,0.42616664760665884,3.182407539849473e-05,0.262649215785811
sim406,30.0,0.20096816633517606,0.27856867054361084,30.0,0.0007651214262290856,0.16255109053018832,0.0009379108433939254,1.0725567721704206,0.0011032474825081588,0.3118552322944135
sim406,14.0,0.24773392881921374,0.4523967314064857,14.0,0.00023754010192078098,0.11270219405525389,0.00046265282600795163,0.8549399786985333,0.0003310039847964494,0.30074544460155633
sim406,7.0,0.2483674467239037,0.4595951330147428,7.0,0.00023754010192078098,0.09773430289233895,0.000213485693958438,0.5846709935608948,0.00011393824692805359,0.2897864439819991
sim406,3.0,0.07699074894160525,0.915943807573084,3.0,0.0,0.002379288562540881,9.119194160808426e-05,0.3274905018533441,0.000104618332996139,0.11849420691660228
sim408,14.0,0.05939397135730567,0.9365845034385604,14.0,0.0008649168004159902,0.0012193414019821206,0.0004186016783317908,0.6182056384393038,0.0006809853947126075,0.17224031845510304
sim411,30.0,0.15084944019116645,0.1851181812031162,30.0,0.0005846055282516192,0.4244546516517858,0.0009351586747934909,1.108487103320438,0.0012323417405569917,0.26175078650667044
sim411,14.0,0.15390571718336862,0.19000922140064974,14.0,0.000513889755122061,0.2619435198208141,0.00048320366039809296,0.7539471280696378,0.0004395108496282421,0.23696307246587323
sim413,30.0,0.054698176525375966,0.05807034103307342,30.0,0.0013886261873663408,0.0031473106792953925,0.0007882492691902087,0.9659880686957149,0.0015370262333768898,0.17955600549615475
sim416,30.0,0.07220581768768479,0.07834352570805318,28.0,0.0008845110577296141,0.08988762637301656,0.0009126691206064416,0.9989328076913554,0.001499212459318039,0.20404717108716475
sim418,30.0,0.24892548441954232,0.46722019553966704,30.0,0.001021046343225035,0.2588579111957592,0.0010631557651385834,0.9758545051491923,0.0009113039467605096,0.35943668964599823
sim421,30.0,0.17568972521750892,0.7725991100177898,30.0,0.0014213733834491228,0.17462202945543223,0.0009098105027162055,0.9705835341113261,0.001181696539445201,0.29563561208877653
sim421,14.0,0.22065424116797144,0.6713060385159512,14.0,0.0004635686578861065,0.1544879602235699,0.000471671865474609,0.7403927148482126,0.00031400672041611964,0.30529093748695024
sim421,3.0,0.13127478133079495,0.15543473960771226,3.0,0.0,0.016218947969926165,0.00010115635243030035,0.33768936443333075,8.186491876467254e-05,0.16301254902733903
sim423,30.0,0.0723497008698559,0.07851417683373489,30.0,0.001639386978622261,0.005631987516015046,0.0008462536569264947,0.9999271967151653,0.0014857393898975119,0.21147265633092524
sim424,30.0,0.2349167772730169,0.62281377254601,30.0,0.00046437839345868544,0.24717796478800494,0.0009876274513136996,1.0051690302281302,0.0008912977702198647,0.34240403252136664
sim424,14.0,0.08025138595380435,0.08799440046742611,14.0,4.4292018778029894e-05,0.07154090496042098,0.00041969755198099505,0.6460078342592419,0.0006456921956137228,0.18186311207647912
sim424,7.0,0.11745094118360645,0.13592712430559517,7.0,4.4292018778029894e-05,0.009184009937123967,0.0002296581206053904,0.5144837996243095,0.0002444498776400595,0.185164359554543
sim426,30.0,0.12462422565272087,0.8540844169788882,30.0,0.001211828372140533,0.4869344037695401,0.001004581516519719,1.0810775712846759,0.0013469238957914916,0.24897958377464646
sim426,7.0,0.1738297803469189,0.7759895281583725,7.0,0.0,0.448664567099475,0.00022851168805719066,0.5048333592461346,0.0001910697711957872,0.2478352539407382
sim426,3.0,0.07382241073703885,0.9197351418013044,3.0,0.0,0.4348187765941342,8.953554649884631e-05,0.3008831488202328,8.236780334209607e-05,0.14087454222277493
sim427,30.0,0.09393677053227407,0.895048388767409,30.0,0.0022137115683361105,0.00795367977983485,0.0009475551827467366,0.9588656729836228,0.0015114553568985028,0.21789541935833512
sim429,30.0,0.06675455475893292,0.07192822419474199,30.0,0.001724572870123115,0.01335914221676881,0.0008685857975215391,0.9818460297174185,0.0015758114573646547,0.20626070562700655
sim429,14.0,0.05927715084507896,0.06328172793559342,14.0,0.0007823500039367098,0.008836100161628209,0.00037518798231451144,0.6475352858122996,0.0006851863550863918,0.1546880603413674
sim429,7.0,0.10169452976949774,0.11489550738727772,7.0,0.00037235832121161746,0.0037983306127509905,0.0002352389014823804,0.4486838768130322,0.0002446817706961872,0.19374587174252406
sim432,30.0,0.07765416871301077,0.08485444566153762,30.0,0.0004069026368601094,0.003115189085699188,0.0008235121595032651,1.032465617070065,0.001575206652196054,0.1991326642776933
sim434,30.0,0.21297294901199468,0.30757585653560693,30.0,0.00048825861546988,0.700976931122105,0.0009474046529108548,1.1956033110820106,0.0009708108387915272,0.342382695716005
sim434,14.0,0.19254843627654888,0.260309441730695,14.0,0.00015929623527744045,0.6639542020630381,0.00040958816836222115,0.7790754872313951,0.00040016932554432644,0.26650213826877317
sim434,7.0,0.2480961233609303,0.4563665651240963,7.0,0.00015929623527744045,0.49443959671889504,0.0002493879325681294,0.5005013626714111,0.00012022294313866173,0.28625671393313523
sim434,3.0,0.2310480723296343,0.36233399958462637,3.0,0.00015929623527744045,0.4379900197912101,8.120645182635374e-05,0.384089762384422,3.89449111456066e-05,0.2555950297414502
sim435,30.0,0.23442680021711199,0.6247926271175025,30.0,0.0007562194187065552,0.24278893386298064,0.0009915580155111844,1.115337931234241,0.000940431959960078,0.31737265303227025
sim435,14.0,0.2181217052134566,0.6785449377230937,14.0,9.024930023248043e-05,0.1358425546704888,0.00046547141766143204,0.767606253651968,0.0003607470761419173,0.2899114036312974
sim438,30.0,0.21959574002204252,0.3256318263616967,30.0,0.00017497244182839827,0.5016966925196357,0.0009724624560137835,1.137920520820706,0.000986154408345119,0.3327903502472536
sim438,14.0,0.2410602142119218,0.40544955955640294,14.0,5.1583225105945505e-05,0.12456974083559409,0.00044390219929476996,0.7329865803480361,0.00032251533887971975,0.3035442173180556
sim438,7.0,0.12251784435040917,0.8570464334643196,7.0,5.1583225105945505e-05,0.010134957361421023,0.00023484964887947159,0.531244157607416,0.0001920191105081883,0.21008975150069936
sim443,30.0,0.22944012750044399,0.6433871420300858,30.0,0.00035196598104264104,0.4467247853962344,0.000993645917584299,1.047445301029207,0.0009499932809284048,0.33208226641663513
sim443,14.0,0.24970448736104467,0.5171904810565423,14.0,0.00035193163111502774,0.1992954183699392,0.0005040479340347084,0.7546200775354868,0.000290306219361146,0.3071441284553094
sim443,7.0,0.18032026179803523,0.2360308006566585,7.0,0.00023000530559008002,0.036352704110069606,0.00024253626691076835,0.461602018117709,0.00015731151846447606,0.2541989952138918
sim444,14.0,0.05889842656610944,0.06284834046535914,14.0,0.0011067932318734757,0.0009697709629595484,0.00048090846971937066,0.6355908175428072,0.0006819172495787342,0.16550009982767963
sim449,30.0,0.2071094678633502,0.7071002948734014,30.0,0.0007732491869117797,0.027184058677583323,0.0009622287459434678,1.0265791390767915,0.0009821599672574424,0.33076831657207106
sim449,14.0,0.06722592711180413,0.9275208449750677,14.0,0.0006282281554508103,0.011326214279550348,0.0003932657509470494,0.7779593915364077,0.0007008569132470982,0.14739956895173414
sim449,7.0,0.11504995166955306,0.8673554795160227,7.0,0.00034686781101331797,0.006027719538062523,0.00022522344030514768,0.4699212175236698,0.00021854180641287907,0.18917274401255604
sim450,30.0,0.1319568070499374,0.1564258552363659,30.0,0.0012493301082312437,0.1862178245287992,0.0009205928711004574,1.140321517773935,0.0013062874537795944,0.23750000038833757
sim450,7.0,0.2487657399840528,0.46486796311132567,7.0,0.0,0.11530074544557001,0.0002351751612536912,0.5418040783691338,0.00010268173453485933,0.29763834278698814
sim450,3.0,0.22688323893516152,0.6520419713922392,3.0,0.0,0.06725696863787665,9.472452835434325e-05,0.36208642023827947,4.3366531946827296e-05,0.24578106899834942
sim454,30.0,0.2275552368637904,0.6498157639776589,30.0,0.0004340171273723065,0.22968316546137008,0.0009640139159698785,1.179372075500043,0.000974777149697226,0.31911833350484603
sim454,14.0,0.24864012608385488,0.46312353167472375,14.0,0.0,0.12552658158703708,0.0004507350352559837,0.7234046378724522,0.00031189762568807513,0.2885757375210175
sim454,7.0,0.20015146467615327,0.2767321444456307,7.0,0.0,0.056066809966703435,0.00022683066414277595,0.5688009475511185,0.00013716850669614886,0.2622813676405235
sim455,30.0,0.20722869779409744,0.2931877609861966,30.0,0.001473308321412527,0.03528839258793784,0.0010185821868872894,1.0091714773658151,0.0009807697502457154,0.32543104772979137
sim455,14.0,0.17972623164404475,0.23490800020378727,14.0,0.0009171808088349527,0.022879290405867045,0.00048265438705669854,0.7204035311499901,0.0003511162092020754,0.26734682911161856
sim460,30.0,0.22796643735061237,0.35156293370795944,28.0,0.0020528236507913553,0.15430420632120012,0.0009338559191320669,1.018231744560406,0.0009473786612056812,0.31047923645892417
sim460,14.0,0.19270709996539856,0.26064064665319336,14.0,0.0004389333804987203,0.14654072866792373,0.0004727492646631218,0.7801595642045756,0.0003971100520653056,0.28087719428466223
sim460,7.0,0.19194572790983516,0.2590554584760949,7.0,0.0,0.13767813748802157,0.00025277574548018274,0.536343907816398,0.00015304318779705227,0.2725025593996289
sim460,3.0,0.22046300435023775,0.3281366948712953,3.0,0.0,0.053699753467429084,0.00010058190139742783,0.3504737834423197,3.4562633736942303e-05,0.24597902157613377
sim464,30.0,0.20603665897254364,0.7096743690283969,30.0,0.0003106407254226262,0.24673895373074758,0.0010303216774892212,1.0052090627571122,0.00104325913256067,0.31071496284482514
sim464,14.0,0.24955941175824586,0.520990193942747,14.0,0.0003106407254226262,0.0480312843224042,0.0004534619062575657,0.8581813791971841,0.0003160881654612492,0.3024729454967821
sim464,7.0,0.22566496542209863,0.6559969056677131,7.0,0.0002922293900031302,0.024443656989705957,0.0002535415935512441,0.5613854833518042,0.00012152941831233449,0.28045396754514684
sim464,3.0,0.09613710999698653,0.8922536041937836,3.0,0.0002922293900031302,0.00781579210326392,8.941706397944246e-05,0.3144163151570593,9.051503154091648e-05,0.16208927712307827
sim465,30.0,0.24321891586441083,0.5823473383637211,30.0,0.0014667295624566454,0.43166230079059315,0.0010060335794410454,0.9606595025438369,0.0009599187138918805,0.320547063125461
sim465,14.0,0.0773670743334825,0.9154911860274746,14.0,0.000707217531363752,0.39297203919585993,0.0004332442741689151,0.7117214338932021,0.0006194461277873702,0.16615403189664282
sim466,30.0,0.24740210901480242,0.44903048965118864,30.0,0.0009462876013772398,0.4070486529292884,0.0009086923932346703,1.096972563225947,0.0008896584841114516,0.3226444478768778
sim466,14.0,0.1790169922278607,0.7664263646340942,14.0,0.00029639396253015263,0.3075302231734965,0.00042549181313987077,0.7400689087892838,0.0003771709497710157,0.26532581353562884
sim466,7.0,0.23391695818447866,0.6268189331902825,7.0,0.00017589820970001686,0.29425820344114484,0.00021128223717266164,0.6194347279071486,0.00013186861522836144,0.2711673763148524
sim466,3.0,0.23167958327072244,0.3646470660485059,3.0,0.0,0.1910266859952574,9.760846000067196e-05,0.40363123234594833,4.3845835498580197e-05,0.25749040534852474
sim471,30.0,0.23860924215175083,0.6067274934037578,30.0,0.002311876424022115,0.3797107735689235,0.0010809222680974943,1.0600844919403831,0.0010540007919516477,0.31019320261720806
sim471,14.0,0.22347708452275508,0.6628585750804817,14.0,0.0008670718120475586,0.3759893638960169,0.0004476204987633069,0.7446876719431933,0.00034833029416105667,0.29631181996144695
sim471,7.0,0.24954498394090552,0.5213311054353607,7.0,0.0003188422087714283,0.3691740694030895,0.00024222848766768356,0.5273195217536653,0.0001119849018820817,0.2845481692512701
sim471,3.0,0.19739793709102496,0.2706486038652151,3.0,0.0003188422087714283,0.3105817815131751,0.00010001183885874949,0.37430992847718814,4.1192580718654724e-05,0.22351348875891452
sim473,30.0,0.2346649225402162,0.6238348798189904,30.0,0.001066022494523558,0.09240043419696319,0.0010028158479057495,1.0758367124006083,0.000930235958359156,0.32911150027905023
sim473,14.0,0.08830803420806117,0.9021093953042366,14.0,0.0006134749994458736,0.008521328305907955,0.00044195329240030154,0.7207565745838558,0.0005819385288624377,0.1967734004736775
sim475,30.0,0.24689814809739724,0.55569427172163,30.0,0.0013891889563989442,0.11873824379904015,0.000989281038292613,1.1010499529979176,0.0009393159514414058,0.32386986429793935
sim475,14.0,0.2493986860242131,0.4754782958221315,14.0,0.0005887200111515162,0.08593965020268585,0.0004933397402799232,0.7548174545850602,0.0003171439556963742,0.3018383903076125
sim475,7.0,0.06276894714014894,0.9327020370414855,7.0,0.0005350190782969174,0.002400785030121782,0.00022005018368172584,0.4779975190467243,0.00027796529095849344,0.13754418026035395
sim479,14.0,0.051863699018818855,0.9451250397148886,14.0,0.000967063325322177,0.0025564425534198225,0.0004335725447330906,0.6002395277914917,0.0006551215576757624,0.15864947259405127
sim480,30.0,0.1532334614168625,0.1889267954594329,30.0,0.0008480068538215506,1.19653726210373,0.0009756157227058964,1.143873308414002,0.0012126982962142013,0.2588201745067713
sim480,14.0,0.20385709301088173,0.28519099881727894,14.0,0.000166094281515346,1.1816157238484253,0.0004304159404234817,0.7512126797222066,0.00034901786353514223,0.2792941133038148
sim480,7.0,0.23473182849895127,0.37643555729479167,7.0,0.0,0.9982182682439565,0.00023344282092335508,0.48081916068403446,0.000118822006292921,0.27108634655997144
sim480,3.0,0.12146045712332024,0.85852411756628,3.0,0.0,0.7859906049934234,9.300093047557617e-05,0.28402927106790776,8.648412642446188e-05,0.15630090450264156
sim481,30.0,0.09185254606759187,0.10232242465483657,30.0,0.001863004693483709,0.00169074913404864,0.0009240275428865985,0.9938346003323673,0.0014922354452307429,0.22244680113585852
sim483,30.0,0.24988751335249734,0.5106059722563586,30.0,0.0025729518201583093,0.06944728090720256,0.000955475047124798,1.1401850343395394,0.0008676962499293141,0.3600093137336718
sim486,30.0,0.22681806814464736,0.6522561389742714,30.0,0.0012917754739214056,0.8906475314321564,0.0010585875571576672,1.0841138789177163,0.0009096567355930148,0.3324798262868924
sim486,14.0,0.1973058649996841,0.7295520311396,14.0,0.0006041114515107626,0.8525941851450086,0.00047260032939241915,0.7457288359146381,0.0003603090326532082,0.2694304192474922
sim486,7.0,0.24999810432317424,0.5013768358020365,7.0,0.0,0.8163726116442647,0.000224959262426791,0.5607352076810338,0.0001257749864425077,0.3027002838477851
sim486,3.0,0.24645748977366586,0.5595189904680358,3.0,0.0,0.7198134440819239,9.829819946111345e-05,0.3927816871654271,3.323763803755162e-05,0.2639114915160383
sim487,30.0,0.0861077397620603,0.9048360905822747,30.0,0.001430318588406845,0.032415997665588794,0.0008560799985390208,0.9699600048859958,0.0014929824917318652,0.20872929982667673
sim489,30.0,0.1412452769611054,0.1702201900678354,30.0,0.0013515600127787899,0.017535839424173225,0.0009794016246488645,1.0762172640887417,0.0012399813244928768,0.24521514048492452
sim491,30.0,0.2303677175887105,0.6401152468908702,30.0,0.000648237828473365,0.18309611865887343,0.0009705233960111036,1.0653793309992223,0.0009027182875343541,0.33029949113446305
sim494,30.0,0.19516646405624252,0.734165616484909,30.0,0.001159377885919979,0.09497506037883541,0.000967395156249261,1.1439643084625783,0.0011038033032042896,0.30994631162516456
sim494,14.0,0.07097329771939231,0.07688452843153125,14.0,0.0008479561728830517,0.004703746088767707,0.0004273844001870458,0.660049573303853,0.0006668439692511939,0.15458713001547156
sim496,30.0,0.23972999759877006,0.39865897967145797,30.0,0.0011380838114238901,0.1557749114670678,0.0009965048256075125,1.1110866491402556,0.0009328663131104725,0.3248446575533994
sim496,14.0,0.15993815419075755,0.19989694135307043,14.0,0.00036784207077417575,0.13009256872082722,0.0004323152366302582,0.7359320991579577,0.00041930921640718805,0.2553243632586127
sim496,7.0,0.17437174336926076,0.2249940789169454,7.0,0.00016853763611294562,0.11686971746047053,0.0002203926352446481,0.5184775997035651,0.00017655848339253002,0.22887896919855755
sim496,3.0,0.1244712092798691,0.14569957561395597,3.0,0.0,0.021921710334944028,8.081802544041667e-05,0.3319855509677373,6.997684970686369e-05,0.16037206947446309
sim499,30.0,0.08104115689986847,0.9110460352565531,30.0,0.0019055921198895284,0.01552550396838747,0.0009050462676393653,1.1463746442040337,0.0015693295137202534,0.21010410974484017
sim499,14.0,0.08207365851006031,0.9097881666055521,14.0,0.0008287644869916667,0.009361465220061921,0.00042706580782357866,0.698077913211683,0.0006497607059396091,0.1537784016973902
sim499,7.0,0.08744503140770592,0.9031810617976669,7.0,0.0005219995597933506,0.0055741986268468295,0.00021115698957917188,0.5626228806066225,0.00026796696565210354,0.16434042974603308
sim499,3.0,0.052303051377168626,0.9446312501644833,3.0,0.00017270053064235847,0.001171534678184369,8.514845971629299e-05,0.2646930476065416,0.00014395095217866125,0.10983709883922708
